"DTIME";"BEVALUE"
"2020-01-09 08:39:38";0
"2020-01-09 08:40:43";141,6
"2020-01-09 08:41:43";141,6
"2020-01-09 08:42:43";141,6
"2020-01-09 08:43:43";141,6
"2020-01-09 08:44:43";141,5
"2020-01-09 08:45:43";141,4
"2020-01-09 08:46:43";141,4
"2020-01-09 08:47:42";141,4
"2020-01-09 08:48:43";141,3
"2020-01-09 08:49:43";141,2
"2020-01-09 08:50:43";140,9
"2020-01-09 08:52:05";140,9
"2020-01-09 08:53:05";140,8
"2020-01-09 08:54:05";140,8
"2020-01-09 08:55:05";140,9
"2020-01-09 08:56:05";140,9
"2020-01-09 08:57:05";140,9
"2020-01-09 08:58:05";141
"2020-01-09 08:59:05";141
"2020-01-09 09:00:05";141,1
"2020-01-09 09:01:05";141,1
"2020-01-09 09:02:05";141,2
"2020-01-09 09:03:05";141,2
"2020-01-09 09:04:05";141,2
"2020-01-09 09:05:05";141,2
"2020-01-09 09:06:05";141,3
"2020-01-09 09:07:05";141,3
"2020-01-09 09:08:05";141,3
"2020-01-09 09:09:05";141,3
"2020-01-09 09:10:05";141,3
"2020-01-09 09:11:05";141,3
"2020-01-09 09:12:05";141,3
"2020-01-09 09:13:05";141,3
"2020-01-09 09:14:05";141,3
"2020-01-09 09:15:05";141,3
"2020-01-09 09:16:05";141,3
"2020-01-09 09:17:05";141,3
"2020-01-09 09:18:05";141,3
"2020-01-09 09:19:05";141,2
"2020-01-09 09:20:05";141,2
"2020-01-09 09:21:05";141,2
"2020-01-09 09:22:05";141,1
"2020-01-09 09:23:05";141,1
"2020-01-09 09:24:05";141,1
"2020-01-09 09:25:05";141,1
"2020-01-09 09:26:05";141
"2020-01-09 09:27:05";141
"2020-01-09 09:28:05";140,9
"2020-01-09 09:29:05";140,9
"2020-01-09 09:30:05";140,9
"2020-01-09 09:31:05";140,9
"2020-01-09 09:32:05";140,9
"2020-01-09 09:33:05";140,1
"2020-01-09 09:34:05";140,8
"2020-01-09 09:35:05";140,9
"2020-01-09 09:36:05";140,9
"2020-01-09 09:37:05";140,9
"2020-01-09 09:38:05";140,9
"2020-01-09 09:39:05";140,7
"2020-01-09 09:40:05";140,6
"2020-01-09 09:41:05";140,5
"2020-01-09 09:42:05";140,4
"2020-01-09 09:43:05";140,3
"2020-01-09 09:44:05";140,3
"2020-01-09 09:45:05";140,2
"2020-01-09 09:46:05";140,2
"2020-01-09 09:47:05";140
"2020-01-09 09:48:05";139,8
"2020-01-09 09:49:05";140,6
"2020-01-09 09:50:05";139,3
"2020-01-09 09:51:05";139
"2020-01-09 09:52:05";137,8
"2020-01-09 09:53:05";139,3
"2020-01-09 09:54:05";138,1
"2020-01-09 09:55:05";137,3
"2020-01-09 09:56:05";137,3
"2020-01-09 09:57:05";136,9
"2020-01-09 09:58:05";137,7
"2020-01-09 09:59:05";137,1
"2020-01-09 10:00:05";135,9
"2020-01-09 10:01:05";135,9
"2020-01-09 10:02:05";136,9
"2020-01-09 10:03:05";136
"2020-01-09 10:04:05";136,8
"2020-01-09 10:05:05";134,7
"2020-01-09 10:06:04";134,5
"2020-01-09 10:07:05";134,5
"2020-01-09 10:08:05";135
"2020-01-09 10:09:05";134,3
"2020-01-09 10:10:05";133,1
"2020-01-09 10:11:05";134
"2020-01-09 10:12:05";134,1
"2020-01-09 10:13:05";132,7
"2020-01-09 10:14:05";133,2
"2020-01-09 10:15:05";133,2
"2020-01-09 10:16:05";134,3
"2020-01-09 10:17:05";134,3
"2020-01-09 10:18:05";132,8
"2020-01-09 10:19:05";133,2
"2020-01-09 10:20:05";134,2
"2020-01-09 10:21:05";133,8
"2020-01-09 10:22:05";132,6
"2020-01-09 10:23:05";131,6
"2020-01-09 10:24:05";131,3
"2020-01-09 10:25:05";131,7
"2020-01-09 10:26:05";131,8
"2020-01-09 10:27:05";130,7
"2020-01-09 10:28:05";131,3
"2020-01-09 10:29:05";131
"2020-01-09 10:30:05";130,1
"2020-01-09 10:31:05";130,3
"2020-01-09 10:32:05";129,9
"2020-01-09 10:33:05";129,4
"2020-01-09 10:34:05";130,3
"2020-01-09 10:35:05";129
"2020-01-09 10:36:05";127,4
"2020-01-09 10:37:05";127,8
"2020-01-09 10:38:05";128,5
"2020-01-09 10:39:05";127,6
"2020-01-09 10:40:05";127,9
"2020-01-09 10:41:05";128,3
"2020-01-09 10:42:05";127,8
"2020-01-09 10:43:05";127,8
"2020-01-09 10:44:05";127,7
"2020-01-09 12:10:57";125,9
"2020-01-09 12:11:57";125,8
"2020-01-09 12:12:57";125,8
"2020-01-09 12:13:57";125,7
"2020-01-09 12:14:56";125,7
"2020-01-09 12:15:57";125,6
"2020-01-09 12:16:57";125,6
"2020-01-09 12:17:57";125,6
"2020-01-09 12:18:57";125,5
"2020-01-09 12:19:57";125,3
"2020-01-09 12:20:57";125,3
"2020-01-09 12:21:57";125,2
"2020-01-09 12:22:57";125,2
"2020-01-09 12:23:57";125,2
"2020-01-09 12:24:57";125,2
"2020-01-09 12:25:57";125,3
"2020-01-09 12:26:57";125,3
"2020-01-09 12:27:57";125,4
"2020-01-09 12:28:57";125,4
"2020-01-09 12:29:57";125,4
"2020-01-09 12:30:57";125,5
"2020-01-09 12:31:57";125,5
"2020-01-09 12:32:57";125,4
"2020-01-09 12:33:57";125,5
"2020-01-09 12:34:57";125,5
"2020-01-09 12:35:57";125,4
"2020-01-09 12:36:57";125,4
"2020-01-09 12:37:57";125,4
"2020-01-09 12:38:57";125,3
"2020-01-09 12:39:57";125,3
"2020-01-09 12:40:57";125,3
"2020-01-09 12:41:57";125,2
"2020-01-09 12:42:57";125,2
"2020-01-09 12:43:57";125,2
"2020-01-09 12:44:57";125,1
"2020-01-09 12:45:57";125
"2020-01-09 12:46:57";123,5
"2020-01-09 12:47:57";124,5
"2020-01-09 12:48:57";124
"2020-01-09 12:49:57";124,5
"2020-01-09 12:50:57";123,2
"2020-01-09 12:51:57";123,9
"2020-01-09 12:52:57";121,8
"2020-01-09 12:53:57";122,9
"2020-01-09 12:54:57";122,3
"2020-01-09 12:55:57";122,1
"2020-01-09 12:56:57";121,2
"2020-01-09 12:57:57";122,3
"2020-01-09 12:58:57";121
"2020-01-09 12:59:57";120,7
"2020-01-09 13:00:57";120,1
"2020-01-09 13:01:57";120,7
"2020-01-09 13:02:57";118,9
"2020-01-09 13:03:57";118
"2020-01-09 13:04:57";119,3
"2020-01-09 13:05:57";119,4
"2020-01-09 13:06:57";119,2
"2020-01-09 13:07:57";118,4
"2020-01-09 13:08:57";118,6
"2020-01-09 13:09:57";119,1
"2020-01-09 13:10:57";116,6
"2020-01-09 13:11:57";120,1
"2020-01-09 13:12:57";117,4
"2020-01-09 13:13:57";117,1
"2020-01-09 13:14:57";117,3
"2020-01-09 13:15:57";117,7
"2020-01-09 13:16:57";116,2
"2020-01-09 13:17:57";117,1
"2020-01-09 13:18:57";115,6
"2020-01-09 13:19:57";115,7
"2020-01-09 13:20:57";115,6
"2020-01-09 13:21:57";114,8
"2020-01-09 13:22:57";113,8
"2020-01-09 13:23:57";115,8
"2020-01-09 13:24:57";114,2
"2020-01-09 13:25:57";113,4
"2020-01-09 13:26:57";114,3
"2020-01-09 13:27:57";113,6
"2020-01-09 13:28:57";113,6
"2020-01-09 13:29:57";113,3
"2020-01-09 13:30:57";113,6
"2020-01-09 13:31:57";113,6
"2020-01-09 13:32:57";113,5
"2020-01-09 13:33:57";113,4
"2020-01-09 13:34:57";113,4
"2020-01-09 13:35:57";113,3
"2020-01-09 13:36:57";113,2
"2020-01-09 13:37:57";113,1
"2020-01-09 13:38:57";112,9
"2020-01-09 13:39:57";113
"2020-01-09 13:40:57";112,9
"2020-01-09 13:41:57";112,8
"2020-01-09 13:42:57";112,8
"2020-01-09 13:43:57";112,7
"2020-01-09 13:44:57";112,5
"2020-01-09 13:45:57";112,7
"2020-01-09 13:46:57";112,5
"2020-01-09 13:47:57";112,8
"2020-01-09 13:48:57";111,7
"2020-01-09 13:49:57";111,9
"2020-01-09 13:50:57";111,6
"2020-01-09 13:51:57";111,4
"2020-01-09 13:52:57";110,9
"2020-01-09 13:53:57";110,6
"2020-01-09 13:54:57";110,9
"2020-01-09 13:55:57";110,2
"2020-01-09 13:56:57";109,4
"2020-01-09 13:57:57";109,9
"2020-01-09 13:58:57";110,2
"2020-01-09 13:59:57";109,8
"2020-01-09 14:00:57";108,7
"2020-01-09 14:01:57";108,2
"2020-01-09 14:02:57";108,5
"2020-01-09 14:03:57";106,7
"2020-01-09 14:04:57";106,7
"2020-01-09 14:05:57";107,1
"2020-01-09 14:06:57";105
"2020-01-09 14:07:57";104,9
"2020-01-09 14:08:57";104,7
"2020-01-09 14:09:57";107,6
"2020-01-09 14:10:57";105,9
"2020-01-09 14:11:57";107
"2020-01-09 14:12:57";106,9
"2020-01-09 14:13:57";102,7
"2020-01-09 14:14:57";106,4
"2020-01-09 14:15:57";105,1
"2020-01-09 14:16:57";104,3
"2020-01-09 14:17:57";104,1
"2020-01-09 14:18:57";104,8
"2020-01-09 14:19:57";103,8
"2020-01-09 14:20:57";104,7
"2020-01-09 14:21:57";103,3
"2020-01-09 14:22:57";103,2
"2020-01-09 14:23:57";103,6
"2020-01-09 14:24:57";102,6
"2020-01-09 14:25:57";102,8
"2020-01-09 14:26:57";100,6
"2020-01-09 14:27:57";101,9
"2020-01-09 14:28:57";101,7
"2020-01-09 14:29:57";102,3
"2020-01-09 14:30:57";102,2
"2020-01-09 14:31:57";101,3
"2020-01-09 14:32:57";102,2
"2020-01-09 14:33:57";101,7
"2020-01-09 14:34:57";101,2
"2020-01-09 14:35:57";101,3
"2020-01-09 14:36:57";101,3
"2020-01-10 09:00:16";0
"2020-02-10 08:28:21";83,7
"2020-02-10 08:29:21";83,6
"2020-02-10 08:30:21";83,6
"2020-02-10 08:31:21";83,6
"2020-02-10 08:32:21";83,5
"2020-02-10 08:33:21";83,4
"2020-02-10 08:34:21";83,3
"2020-02-10 08:35:21";83,3
"2020-02-10 08:37:01";83,2
"2020-02-10 08:38:01";83,1
"2020-02-10 08:39:01";83,1
"2020-02-10 08:40:01";83,1
"2020-02-10 08:41:01";83,1
"2020-02-10 08:42:01";82
"2020-02-10 08:43:01";82,5
"2020-02-10 08:44:01";82,5
"2020-02-10 08:45:01";82,5
"2020-02-10 08:46:01";82,5
"2020-02-10 08:47:01";82,6
"2020-02-10 08:48:01";82,6
"2020-02-10 08:49:01";82,7
"2020-02-10 08:50:01";82,7
"2020-02-10 08:51:01";82,8
"2020-02-10 08:52:01";82,8
"2020-02-10 08:53:01";82,8
"2020-02-10 08:54:01";82,8
"2020-02-10 08:55:01";82,9
"2020-02-10 08:56:01";82,8
"2020-02-10 08:57:01";82,9
"2020-02-10 08:58:01";82,9
"2020-02-10 08:59:01";82,9
"2020-02-10 09:00:01";82,8
"2020-02-10 09:01:01";82,8
"2020-02-10 09:02:01";82,8
"2020-02-10 09:03:01";82,8
"2020-02-10 09:04:01";82,7
"2020-02-10 09:05:01";82,7
"2020-02-10 09:06:01";82,6
"2020-02-10 09:07:01";82,6
"2020-02-10 09:08:01";82,5
"2020-02-10 09:09:01";82,5
"2020-02-10 09:10:01";82,5
"2020-02-10 09:11:01";82,4
"2020-02-10 09:12:01";82,4
"2020-02-10 09:13:01";82,4
"2020-02-10 09:14:01";82,3
"2020-02-10 09:15:01";82,3
"2020-02-10 09:16:01";82,2
"2020-02-10 09:17:01";82,3
"2020-02-10 09:18:01";82,2
"2020-02-10 09:19:01";82,2
"2020-02-10 09:20:01";82,1
"2020-02-10 09:21:01";82,1
"2020-02-10 09:22:01";82,1
"2020-02-10 09:23:01";82
"2020-02-10 09:24:01";82
"2020-02-10 09:25:01";81,6
"2020-02-10 09:26:01";82
"2020-02-10 09:27:01";82
"2020-02-10 09:28:01";80,3
"2020-02-10 09:29:01";80,9
"2020-02-10 09:30:01";79,2
"2020-02-10 09:31:01";80,4
"2020-02-10 09:32:01";80,2
"2020-02-10 09:33:01";80,3
"2020-02-10 09:34:01";78,7
"2020-02-10 09:35:01";79,8
"2020-02-10 09:36:01";79,3
"2020-02-10 09:37:01";78,4
"2020-02-10 09:38:01";78,5
"2020-02-10 09:39:01";78,2
"2020-02-10 09:40:01";77
"2020-02-10 09:41:01";76,4
"2020-02-10 09:42:01";75,5
"2020-02-10 09:43:01";77,6
"2020-02-10 09:44:01";75
"2020-02-10 09:45:01";77,6
"2020-02-10 09:46:01";78
"2020-02-10 09:47:01";77,4
"2020-02-10 09:48:01";76,1
"2020-02-10 09:49:01";77,1
"2020-02-10 09:50:01";77,9
"2020-02-10 09:51:01";76
"2020-02-10 09:52:01";75
"2020-02-10 09:53:01";75,2
"2020-02-10 09:54:01";76,6
"2020-02-10 09:55:01";74,7
"2020-02-10 09:56:01";77,3
"2020-02-10 09:57:01";74,6
"2020-02-10 09:58:01";74,2
"2020-02-10 09:59:01";74,5
"2020-02-10 10:00:01";75,3
"2020-02-10 10:01:01";75,4
"2020-02-10 10:02:01";75,4
"2020-02-10 10:03:01";75,3
"2020-02-10 10:04:01";75,3
"2020-02-10 10:05:01";75,2
"2020-02-10 10:06:01";75,2
"2020-02-10 10:07:01";75,1
"2020-02-10 10:08:01";75,1
"2020-02-10 10:09:01";75
"2020-02-10 10:10:01";75
"2020-02-10 10:11:01";74,9
"2020-02-10 10:12:01";74,9
"2020-02-10 10:13:01";74,9
"2020-02-10 10:14:01";74,8
"2020-02-10 10:15:01";74,7
"2020-02-10 10:16:01";74,6
"2020-02-10 10:17:01";74,5
"2020-02-10 10:18:01";74,4
"2020-02-10 10:19:01";74,4
"2020-02-10 10:20:01";74,3
"2020-02-10 10:21:01";74,2
"2020-02-10 10:22:01";74,1
"2020-02-10 10:23:01";74,1
"2020-02-10 10:24:01";74
"2020-02-10 10:25:01";73,9
"2020-02-10 10:26:01";73,9
"2020-02-10 10:27:01";73,8
"2020-02-10 10:28:01";73,8
"2020-02-10 10:29:01";73,8
"2020-02-10 10:30:01";73,7
"2020-02-10 10:31:01";73,7
"2020-02-10 10:32:01";73,6
"2020-02-10 10:33:01";73,6
"2020-02-10 10:34:01";73,5
"2020-02-10 10:35:01";73,5
"2020-02-10 10:36:01";73,4
"2020-02-10 10:37:01";73,4
"2020-02-10 10:38:01";73,3
"2020-02-10 10:39:01";73,3
"2020-02-10 10:40:01";73,3
"2020-02-10 10:41:01";73,3
"2020-02-10 10:42:01";73,2
"2020-02-10 10:43:01";73,2
"2020-02-10 10:44:01";73,1
"2020-02-10 10:45:01";73,1
"2020-02-10 10:46:01";73
"2020-02-10 10:47:01";73
"2020-02-10 10:48:01";72,9
"2020-02-10 10:49:01";72,9
"2020-02-10 10:50:01";72,8
"2020-02-10 10:51:01";72,8
"2020-02-10 10:52:01";72,7
"2020-02-10 10:53:01";72,7
"2020-02-10 10:54:01";72,7
"2020-02-10 10:55:01";72,7
"2020-02-10 10:56:01";72,6
"2020-02-10 10:57:01";72,6
"2020-02-10 10:58:01";72,6
"2020-02-10 10:59:01";72,6
"2020-02-10 11:00:01";72,5
"2020-02-10 11:01:01";72,5
"2020-02-10 11:02:01";72,5
"2020-02-10 11:03:01";72,5
"2020-02-10 11:04:01";72,5
"2020-02-10 11:05:01";72,5
"2020-02-10 11:06:01";72,5
"2020-02-10 11:07:01";72,5
"2020-02-10 11:08:01";72,4
"2020-02-10 11:09:01";72,4
"2020-02-10 11:10:01";72,4
"2020-02-10 11:11:01";72,4
"2020-02-10 11:12:01";71,3
"2020-02-10 11:13:00";71,6
"2020-02-10 11:14:00";70,2
"2020-02-10 11:15:00";70,4
"2020-02-10 11:16:00";71,4
"2020-02-10 11:17:00";70,3
"2020-02-10 11:18:00";70
"2020-02-10 11:19:00";70,2
"2020-02-10 11:20:00";69,1
"2020-02-10 11:21:00";69,5
"2020-02-10 11:22:00";68,4
"2020-02-10 11:23:00";68,9
"2020-02-10 11:24:00";69,7
"2020-02-10 11:25:00";69
"2020-02-10 11:26:00";68,9
"2020-02-10 11:27:00";68,9
"2020-02-10 11:28:00";70,5
"2020-02-10 11:29:00";109,7
"2020-02-10 11:30:00";149,2
"2020-02-10 11:31:00";188,3
"2020-02-10 11:32:00";209,6
"2020-02-10 11:33:00";206,8
"2020-02-10 11:34:00";209,6
"2020-02-10 11:35:00";209,3
"2020-02-10 11:36:00";209,3
"2020-02-10 11:37:00";209,5
"2020-02-10 11:38:00";208,6
"2020-02-10 11:39:00";208,9
"2020-02-10 11:40:00";208,3
"2020-02-10 11:41:00";207,7
"2020-02-10 11:42:00";208,7
"2020-02-10 11:43:00";207,7
"2020-02-10 11:44:00";208
"2020-02-10 11:45:00";207,9
"2020-02-10 11:46:00";207,9
"2020-02-10 11:47:00";207,8
"2020-02-10 11:48:00";207,7
"2020-02-10 11:49:00";207,7
"2020-02-10 11:50:00";207,6
"2020-02-10 11:51:00";207,5
"2020-02-10 11:52:00";207,4
"2020-02-10 11:53:00";207,3
"2020-02-10 11:54:00";207,3
"2020-02-10 11:55:00";207,3
"2020-02-10 11:56:00";207,2
"2020-02-10 11:57:00";207,1
"2020-02-10 11:58:00";207
"2020-02-10 11:59:00";207
"2020-02-10 12:00:00";206,9
"2020-02-10 12:01:00";206,8
"2020-02-10 12:02:00";206,8
"2020-02-10 12:03:00";206,8
"2020-02-10 12:04:00";206,8
"2020-02-10 12:05:00";206,7
"2020-02-10 12:06:00";206,7
"2020-02-10 12:07:00";206,7
"2020-02-10 12:08:00";206,6
"2020-02-10 12:09:00";206,6
"2020-02-10 12:10:00";206,5
"2020-02-10 12:11:00";206,4
"2020-02-10 12:12:00";206,4
"2020-02-10 12:13:00";206,4
"2020-02-10 12:14:00";206,3
"2020-02-10 12:15:00";206,3
"2020-02-10 12:16:00";206,2
"2020-02-10 12:17:00";206,2
"2020-02-10 12:18:00";206,2
"2020-02-10 12:19:00";206,1
"2020-02-10 12:20:00";206
"2020-02-10 12:21:00";206
"2020-02-10 12:22:00";206
"2020-02-10 12:23:00";205,9
"2020-02-10 12:24:00";205,9
"2020-02-10 12:25:00";205,9
"2020-02-10 12:26:00";205,9
"2020-02-10 12:27:00";205,8
"2020-02-10 12:28:00";206,1
"2020-02-10 12:29:00";206
"2020-02-10 12:30:00";205,7
"2020-02-10 12:31:00";205,8
"2020-02-10 12:32:00";206,4
"2020-02-10 12:33:00";205,5
"2020-02-10 12:34:00";205,1
"2020-02-10 12:35:00";205
"2020-02-10 12:36:00";205
"2020-02-10 12:37:00";204,3
"2020-02-10 12:38:00";204,2
"2020-02-10 12:39:00";203,5
"2020-02-10 12:40:00";203,5
"2020-02-10 12:41:00";202,3
"2020-02-10 12:42:00";202,9
"2020-02-10 12:43:00";203
"2020-02-10 12:44:00";202,4
"2020-02-10 12:45:00";201,7
"2020-02-10 12:46:00";201,6
"2020-02-10 12:47:00";201,7
"2020-02-10 12:48:00";200,8
"2020-02-10 12:49:00";199,2
"2020-02-10 12:50:00";199,5
"2020-02-10 12:51:00";200,8
"2020-02-10 12:52:00";199,1
"2020-02-10 12:53:00";198,1
"2020-02-10 12:54:00";201,3
"2020-02-10 12:55:00";200,8
"2020-02-10 12:56:00";200,6
"2020-02-10 12:57:00";200,4
"2020-02-10 12:58:00";200,3
"2020-02-10 12:59:00";200,2
"2020-02-10 13:00:00";200,1
"2020-02-10 13:01:00";200,1
"2020-02-10 13:02:00";199,9
"2020-02-10 13:03:00";199,7
"2020-02-10 13:04:00";200
"2020-02-10 13:05:00";198,9
"2020-02-10 13:06:00";198,6
"2020-02-10 13:07:00";199
"2020-02-10 13:08:00";198,1
"2020-02-10 13:09:00";197,7
"2020-02-10 13:10:00";198,5
"2020-02-10 13:11:00";197,7
"2020-02-10 13:12:00";197,7
"2020-02-10 13:13:00";197,5
"2020-02-10 13:14:00";196,6
"2020-02-10 13:15:00";195,8
"2020-02-10 13:16:00";196,5
"2020-02-10 13:17:00";197,2
"2020-02-10 13:18:00";195,9
"2020-02-10 13:19:00";195,9
"2020-02-10 13:20:00";195,4
"2020-02-10 13:21:00";195,3
"2020-02-10 13:22:00";194,9
"2020-02-10 13:23:00";194,3
"2020-02-10 13:24:00";193,9
"2020-02-10 13:25:00";192,4
"2020-02-10 13:26:00";193,7
"2020-02-10 13:27:00";194,6
"2020-02-10 13:28:00";194,4
"2020-02-10 13:29:00";194,3
"2020-02-10 13:30:00";194,3
"2020-02-10 13:31:00";194,2
"2020-02-10 13:32:00";194,1
"2020-02-10 13:33:00";194
"2020-02-10 13:34:00";193,9
"2020-02-10 13:35:00";193,8
"2020-02-10 13:36:00";193,7
"2020-02-10 13:37:00";193,7
"2020-02-10 13:38:00";193,6
"2020-02-10 13:39:00";193,4
"2020-02-10 13:40:00";193,5
"2020-02-10 13:41:00";193,5
"2020-02-10 13:42:00";193,4
"2020-02-10 13:43:00";193,3
"2020-02-10 13:44:00";193,2
"2020-02-10 13:45:00";193,2
"2020-02-10 13:46:00";193,2
"2020-02-10 13:47:00";193,3
"2020-02-10 13:48:00";193,4
"2020-02-10 13:49:00";193,4
"2020-02-10 13:50:00";193,3
"2020-02-10 13:51:00";193,3
"2020-02-10 13:52:00";193,2
"2020-02-10 13:53:00";193,2
"2020-02-10 13:54:00";193,2
"2020-02-10 13:55:00";192,4
"2020-02-10 13:56:00";192,6
"2020-02-10 13:57:00";192,6
"2020-02-10 13:58:00";192,5
"2020-02-10 13:59:00";192,7
"2020-02-10 14:00:00";191,5
"2020-02-10 14:01:00";191
"2020-02-10 14:02:00";190,9
"2020-02-10 14:03:00";190,9
"2020-02-10 14:04:00";190,7
"2020-02-10 14:05:00";190
"2020-02-10 14:06:00";189,7
"2020-02-10 14:07:00";189,7
"2020-02-10 14:08:00";189,6
"2020-02-10 14:09:00";189,5
"2020-02-10 14:10:00";188,8
"2020-02-10 14:11:00";187,4
"2020-02-10 14:12:00";188,1
"2020-02-10 14:13:00";187,8
"2020-02-10 14:14:00";188
"2020-02-10 14:15:00";187,6
"2020-02-10 14:16:00";187,9
"2020-02-10 14:17:00";187,9
"2020-02-10 14:18:00";187,8
"2020-02-10 14:19:00";187,8
"2020-02-10 14:20:00";187,8
"2020-02-10 14:21:00";187,9
"2020-02-10 14:22:00";187,1
"2020-02-10 14:23:00";186,9
"2020-02-10 14:24:00";186,9
"2020-02-10 14:25:00";186,8
"2020-02-10 14:26:00";186,7
"2020-02-10 14:27:00";186,6
"2020-02-10 14:28:00";185,9
"2020-02-10 14:29:00";186,1
"2020-02-10 14:30:00";186,1
"2020-02-10 14:31:00";186,2
"2020-02-10 14:32:00";185,4
"2020-02-10 14:33:00";185,4
"2020-02-10 14:34:00";184,6
"2020-02-10 14:35:00";184,3
"2020-02-10 14:36:00";185
"2020-02-10 14:37:00";183,9
"2020-02-10 14:38:00";184,2
"2020-02-10 14:39:00";184,4
"2020-02-10 14:40:00";184
"2020-02-10 14:41:00";183,5
"2020-02-10 14:42:00";183,4
"2020-02-10 14:43:00";183,2
"2020-02-10 14:44:00";183,1
"2020-02-10 14:45:00";183,4
"2020-02-10 14:46:00";182,8
"2020-02-10 14:47:00";182,8
"2020-02-10 14:48:00";182,8
"2020-02-10 14:49:00";182,7
"2020-02-10 14:50:00";182,6
"2020-02-10 14:51:00";182,5
"2020-02-10 14:52:00";182,4
"2020-02-10 14:53:00";182,3
"2020-02-10 14:54:00";182,3
"2020-02-10 14:55:00";182,3
"2020-02-10 14:56:00";182,2
"2020-02-10 14:57:00";182,1
"2020-02-10 14:58:00";182
"2020-02-10 14:59:00";181,9
"2020-02-10 15:00:00";181,8
"2020-02-10 15:01:00";181,7
"2020-02-10 15:02:00";181,7
"2020-02-10 15:03:00";181,7
"2020-02-10 15:04:00";181,6
"2020-02-10 15:05:00";181,5
"2020-02-10 15:06:00";181,5
"2020-02-10 15:07:00";181,4
"2020-02-10 15:08:00";181,2
"2020-02-14 07:20:20";177,4
"2020-02-14 07:21:20";177,4
"2020-02-14 07:22:20";177,4
"2020-02-14 07:23:20";177,3
"2020-02-14 07:24:20";177,3
"2020-02-14 07:25:20";177,2
"2020-02-14 07:26:20";177,5
"2020-02-14 07:27:20";176,9
"2020-02-14 07:28:20";176,6
"2020-02-14 07:29:20";176,6
"2020-02-14 07:30:20";176,6
"2020-02-14 07:31:20";176,6
"2020-02-14 07:32:20";176,6
"2020-02-14 07:33:20";176,7
"2020-02-14 07:34:20";176,7
"2020-02-14 07:35:20";176,7
"2020-02-14 07:36:20";176,7
"2020-02-14 07:37:20";176,7
"2020-02-14 07:38:20";176,7
"2020-02-14 07:39:20";176,7
"2020-02-14 07:40:20";176,7
"2020-02-14 07:41:20";176,7
"2020-02-14 07:42:20";176,7
"2020-02-14 07:43:20";176,7
"2020-02-14 07:44:20";176,7
"2020-02-14 07:45:20";176,7
"2020-02-14 07:46:20";176,7
"2020-02-14 07:47:20";176,7
"2020-02-14 07:48:20";176,6
"2020-02-14 07:49:20";176,6
"2020-02-14 07:50:20";176,6
"2020-02-14 07:51:20";176,5
"2020-02-14 07:52:20";176,4
"2020-02-14 07:53:20";176,5
"2020-02-14 07:54:20";176,4
"2020-02-14 07:55:20";176,4
"2020-02-14 07:56:20";176,3
"2020-02-14 07:57:20";176,3
"2020-02-14 07:58:20";176,3
"2020-02-14 07:59:20";176,2
"2020-02-14 08:00:20";176,2
"2020-02-14 08:01:20";176,1
"2020-02-14 08:02:20";176
"2020-02-14 08:03:20";175,9
"2020-02-14 08:04:20";175,7
"2020-02-14 08:05:20";175,6
"2020-02-14 08:06:20";175,9
"2020-02-14 08:07:20";175,4
"2020-02-14 08:08:20";176,4
"2020-02-14 08:09:20";176,1
"2020-02-14 08:10:20";174,1
"2020-02-14 08:11:20";174,5
"2020-02-14 08:12:20";175,1
"2020-02-14 08:13:20";175,2
"2020-02-14 08:14:20";174,2
"2020-02-14 08:15:20";174,1
"2020-02-14 08:16:20";173,4
"2020-02-14 08:17:20";174,5
"2020-02-14 08:18:20";171,8
"2020-02-14 08:19:20";172,7
"2020-02-14 08:20:20";172,3
"2020-02-14 08:21:20";171,6
"2020-02-14 08:22:20";171,7
"2020-02-14 08:23:20";171,1
"2020-02-14 08:24:20";172,1
"2020-02-14 08:25:20";171,1
"2020-02-14 08:26:20";170,8
"2020-02-14 08:27:20";170
"2020-02-14 08:28:20";168,9
"2020-02-14 08:29:20";170,7
"2020-02-14 08:30:20";170,9
"2020-02-14 08:31:20";172
"2020-02-14 08:32:20";170,9
"2020-02-14 08:33:20";167,9
"2020-02-14 08:34:20";169,5
"2020-02-14 08:35:20";169,7
"2020-02-14 08:36:20";170,1
"2020-02-14 08:37:20";169,2
"2020-02-14 08:38:20";168,8
"2020-02-14 08:39:20";169,2
"2020-02-14 08:40:20";168,6
"2020-02-14 08:41:20";168,3
"2020-02-14 08:42:20";168,1
"2020-02-14 08:43:20";167,5
"2020-02-14 08:44:20";168
"2020-02-14 08:45:20";165
"2020-02-14 08:46:20";167,9
"2020-02-14 08:47:20";166
"2020-02-14 08:48:20";167,4
"2020-02-14 08:49:20";167
"2020-02-14 08:50:20";166,9
"2020-02-14 08:51:20";166,7
"2020-02-14 08:52:20";166,7
"2020-02-14 08:53:20";166,5
"2020-02-14 08:54:20";166,5
"2020-02-14 08:55:20";166,5
"2020-02-14 08:56:20";166,2
"2020-02-14 08:57:20";166,2
"2020-02-14 08:58:20";166
"2020-02-14 08:59:20";165,9
"2020-02-14 09:00:20";165,6
"2020-02-14 09:01:20";165,6
"2020-02-14 09:02:20";165,6
"2020-02-14 09:03:20";165,5
"2020-02-14 09:04:20";165,4
"2020-02-14 09:05:20";165,4
"2020-02-14 09:06:20";165,3
"2020-02-14 09:07:20";165,2
"2020-02-14 09:08:20";164
"2020-02-14 09:09:20";163,5
"2020-02-14 09:10:20";163,2
"2020-02-14 09:11:20";164,2
"2020-02-14 09:12:20";163,8
"2020-02-14 09:13:20";162,1
"2020-02-14 09:14:20";164,1
"2020-02-14 09:15:20";163,5
"2020-02-14 09:16:20";164,6
"2020-02-14 09:17:20";162,7
"2020-02-14 09:18:20";161,9
"2020-02-14 09:19:20";162,1
"2020-02-14 09:20:20";161,8
"2020-02-14 09:21:20";160,8
"2020-02-14 09:22:20";160,6
"2020-02-14 09:23:20";160,2
"2020-02-14 09:24:20";161,1
"2020-02-14 09:25:20";159,7
"2020-02-14 09:26:20";159,9
"2020-02-14 09:27:20";159,4
"2020-02-14 09:28:20";160,8
"2020-02-14 09:29:20";154,3
"2020-02-14 09:30:20";159,9
"2020-02-14 09:31:20";159,4
"2020-02-14 09:32:20";158,4
"2020-02-14 09:33:20";158,8
"2020-02-14 09:34:20";158,7
"2020-02-14 09:35:20";158,5
"2020-02-14 09:36:20";158
"2020-02-14 09:37:20";157,5
"2020-02-14 09:38:20";157,8
"2020-02-14 09:39:20";157,6
"2020-02-14 09:40:20";155,6
"2020-02-14 09:41:20";157,1
"2020-02-14 09:42:20";156,2
"2020-02-14 09:43:20";156,7
"2020-02-14 09:44:20";156,3
"2020-02-14 09:45:20";156,1
"2020-02-14 09:46:20";154,9
"2020-02-14 09:47:20";155,8
"2020-02-14 09:48:20";155,6
"2020-02-14 09:49:20";156,1
"2020-02-14 09:50:20";156,1
"2020-02-14 09:51:20";154,8
"2020-02-14 09:52:20";154,9
"2020-02-14 11:38:18";154,7
"2020-02-14 11:39:18";154,6
"2020-02-14 11:40:18";154,5
"2020-02-14 11:41:18";154,5
"2020-02-14 11:42:18";154,5
"2020-02-14 11:43:18";154,3
"2020-02-14 11:44:18";154,3
"2020-02-14 11:45:18";154,2
"2020-02-14 11:46:18";154,1
"2020-02-14 11:47:18";154
"2020-02-14 11:48:18";154
"2020-02-14 11:49:18";153,9
"2020-02-14 11:50:18";153,9
"2020-02-14 11:51:18";153,8
"2020-02-14 11:52:18";153,7
"2020-02-14 11:53:18";153,7
"2020-02-14 11:54:18";153,6
"2020-02-14 11:55:18";153,5
"2020-02-14 11:56:18";153,5
"2020-02-14 11:57:18";153,4
"2020-02-14 11:58:18";153,4
"2020-02-14 11:59:18";153,3
"2020-02-14 12:00:18";153,2
"2020-02-14 12:01:18";153,2
"2020-02-14 12:02:18";153,1
"2020-02-14 12:03:18";153,1
"2020-02-14 12:04:18";153
"2020-02-14 12:05:18";153
"2020-02-14 12:06:18";152,9
"2020-02-14 12:07:18";152,8
"2020-02-14 12:08:18";152,8
"2020-02-14 12:09:18";152,8
"2020-02-14 12:10:18";152,7
"2020-02-14 12:11:18";152,6
"2020-02-14 12:12:18";152,6
"2020-02-14 12:13:18";152,6
"2020-02-14 12:14:18";152,4
"2020-02-14 12:15:18";152,2
"2020-02-14 12:16:18";151,7
"2020-02-14 12:17:18";151,7
"2020-02-14 12:18:18";151
"2020-02-14 12:19:18";151,4
"2020-02-14 12:20:18";150,3
"2020-02-14 12:21:18";150,7
"2020-02-14 12:22:18";149,9
"2020-02-14 12:23:18";149,8
"2020-02-14 12:24:18";149,7
"2020-02-14 12:25:18";147,9
"2020-02-14 12:26:18";149
"2020-02-14 12:27:18";149,4
"2020-02-14 12:28:18";148
"2020-02-14 12:29:18";147,9
"2020-02-14 12:30:18";147,9
"2020-02-14 12:31:18";143,6
"2020-02-14 12:32:18";147,8
"2020-02-14 12:33:18";145,9
"2020-02-14 12:34:18";147,7
"2020-02-14 12:35:18";145,2
"2020-02-14 12:36:18";147,9
"2020-02-14 12:37:18";145,4
"2020-02-14 12:38:18";145,4
"2020-02-14 12:39:18";145,5
"2020-02-14 12:40:18";144,7
"2020-02-14 12:41:18";146,3
"2020-02-14 12:42:18";144,7
"2020-02-14 12:43:18";145,3
"2020-02-14 12:44:18";145
"2020-02-14 12:45:18";144,1
"2020-02-14 12:46:18";144,7
"2020-02-14 12:47:18";144,5
"2020-02-14 12:48:18";144,8
"2020-02-14 12:49:18";143,1
"2020-02-14 12:50:18";144,6
"2020-02-14 12:51:18";143,1
"2020-02-14 12:52:18";142,7
"2020-02-14 12:53:18";142,7
"2020-02-14 12:54:18";142,5
"2020-02-14 12:55:18";141,9
"2020-02-14 12:56:18";142,1
"2020-02-14 12:57:18";142,5
"2020-02-14 12:58:18";142,9
"2020-02-14 12:59:18";140,3
"2020-02-14 13:00:18";141,4
"2020-02-14 13:01:18";141,6
"2020-02-14 13:02:18";141,5
"2020-02-14 13:03:18";141,5
"2020-02-14 13:04:18";141,4
"2020-02-14 13:05:18";141,3
"2020-02-14 13:06:18";141,1
"2020-02-14 13:07:18";140,9
"2020-02-14 13:08:18";140,9
"2020-02-14 13:09:18";140,7
"2020-02-14 13:10:18";140,7
"2020-02-14 13:11:18";140,4
"2020-02-14 13:12:18";140,3
"2020-02-14 13:13:18";140,3
"2020-02-14 13:14:18";140,2
"2020-02-14 13:15:18";140,2
"2020-02-14 13:16:18";140,2
"2020-02-14 13:17:18";140,1
"2020-02-14 13:18:18";140,1
"2020-02-14 13:19:18";139,2
"2020-02-14 13:20:18";140,2
"2020-02-14 13:21:18";138,7
"2020-02-14 13:22:18";139,4
"2020-02-14 13:23:18";138,6
"2020-02-14 13:24:18";138,9
"2020-02-14 13:25:18";138,2
"2020-02-14 13:26:18";138,7
"2020-02-14 13:27:18";136,5
"2020-02-14 13:28:18";137,7
"2020-02-14 13:29:18";136,2
"2020-02-14 13:30:18";136,5
"2020-02-14 13:31:18";136,2
"2020-02-14 13:32:18";137,5
"2020-02-14 13:33:18";135,8
"2020-02-14 13:34:18";135,4
"2020-02-14 13:35:18";135,1
"2020-02-14 13:36:18";135,6
"2020-02-14 13:37:18";134,6
"2020-02-14 13:38:18";134,9
"2020-02-14 13:39:18";132,9
"2020-02-14 13:40:18";134,3
"2020-02-14 13:41:18";136,2
"2020-02-14 13:42:18";134,1
"2020-02-14 13:43:18";134,2
"2020-02-14 13:44:18";134,3
"2020-02-14 13:45:18";135
"2020-02-14 13:46:18";133,8
"2020-02-14 13:54:06";0
"2020-02-14 13:55:06";133,8
"2020-02-14 13:56:06";133,1
"2020-02-14 13:57:06";133,8
"2020-02-14 13:58:06";133,8
"2020-02-14 13:59:06";133,1
"2020-02-14 14:00:06";132,2
"2020-02-14 14:01:06";132,5
"2020-02-14 14:02:06";131,6
"2020-02-14 14:03:06";132,2
"2020-02-14 14:04:06";131,8
"2020-02-14 14:05:06";132,4
"2020-02-14 14:06:06";131,4
"2020-02-14 14:07:06";131,2
"2020-02-14 14:08:06";130,4
"2020-02-14 14:09:06";130,8
"2020-02-14 14:10:06";130,5
"2020-02-14 14:11:06";130,4
"2020-02-14 14:12:06";130,6
"2020-02-14 14:13:06";129,9
"2020-02-14 14:14:06";128,9
"2020-02-14 14:15:06";128,4
"2020-02-14 14:16:06";129,4
"2020-02-14 14:17:06";129,1
"2020-02-14 14:18:06";129
"2020-02-14 14:19:06";128,9
"2020-02-14 14:20:06";128,9
"2020-02-14 14:21:06";128,8
"2020-02-14 14:22:06";128,7
"2020-02-14 14:23:06";128,6
"2020-02-14 14:24:06";128,5
"2020-02-14 14:25:06";128,5
"2020-02-14 14:26:06";127,5
"2020-02-14 14:33:06";0
"2020-02-14 14:34:08";128,3
"2020-03-03 06:11:39";125,7
"2020-03-03 06:12:40";125,7
"2020-03-03 06:13:40";125,6
"2020-03-03 06:14:40";125,6
"2020-03-03 06:15:40";125,6
"2020-03-03 06:16:40";125,6
"2020-03-03 06:17:40";125,5
"2020-03-03 06:18:40";125,5
"2020-03-03 06:19:40";125,4
"2020-03-03 06:20:40";125,3
"2020-03-03 06:21:40";125,3
"2020-03-03 06:22:40";125,2
"2020-03-03 06:23:40";125,1
"2020-03-03 06:24:40";125,1
"2020-03-03 06:25:40";125,1
"2020-03-03 06:27:06";124,5
"2020-03-03 06:28:06";124,4
"2020-03-03 06:29:06";124,5
"2020-03-03 06:30:06";124,5
"2020-03-03 06:31:06";124,5
"2020-03-03 06:32:06";124,5
"2020-03-03 06:33:06";124,6
"2020-03-03 06:34:06";124,6
"2020-03-03 06:35:06";124,6
"2020-03-03 06:36:06";124,7
"2020-03-03 06:37:06";124,7
"2020-03-03 06:38:06";124,7
"2020-03-03 06:39:06";124,8
"2020-03-03 06:40:06";124,8
"2020-03-03 06:41:06";124,8
"2020-03-03 06:42:06";124,8
"2020-03-03 06:43:06";124,8
"2020-03-03 06:44:06";124,9
"2020-03-03 06:45:06";124,9
"2020-03-03 06:46:06";124,9
"2020-03-03 06:47:06";124,8
"2020-03-03 06:48:06";124,9
"2020-03-03 06:49:06";124,9
"2020-03-03 06:50:06";124,8
"2020-03-03 06:51:06";124,8
"2020-03-03 06:52:06";124,8
"2020-03-03 06:53:06";124,8
"2020-03-03 06:54:06";124,7
"2020-03-03 06:55:06";124,7
"2020-03-03 06:56:06";124,7
"2020-03-03 06:57:06";124,7
"2020-03-03 06:58:06";124,6
"2020-03-03 06:59:06";124,5
"2020-03-03 07:00:06";124,5
"2020-03-03 07:01:06";124,5
"2020-03-03 07:02:06";124,5
"2020-03-03 07:03:06";124,4
"2020-03-03 07:04:06";124,4
"2020-03-03 07:05:06";123,7
"2020-03-03 07:06:06";123,7
"2020-03-03 07:07:06";123,5
"2020-03-03 07:08:06";123
"2020-03-03 07:09:06";124,5
"2020-03-03 07:10:06";122,8
"2020-03-03 07:11:06";123,2
"2020-03-03 07:12:06";123,7
"2020-03-03 07:13:06";122,2
"2020-03-03 07:14:06";121,5
"2020-03-03 07:15:06";121,6
"2020-03-03 07:16:06";120,8
"2020-03-03 07:17:06";121,1
"2020-03-03 07:18:06";121,5
"2020-03-03 07:19:06";120,5
"2020-03-03 07:20:06";121,1
"2020-03-03 07:21:06";119,6
"2020-03-03 07:22:06";118,6
"2020-03-03 07:23:06";119,2
"2020-03-03 07:24:06";119,2
"2020-03-03 07:25:06";117,4
"2020-03-03 07:26:06";118,3
"2020-03-03 07:27:06";119
"2020-03-03 07:28:06";119,9
"2020-03-03 07:29:06";119,2
"2020-03-03 07:30:06";118,5
"2020-03-03 07:31:06";117,4
"2020-03-03 07:32:06";114,7
"2020-03-03 07:33:06";117,2
"2020-03-03 07:34:06";118,4
"2020-03-03 07:35:06";118
"2020-03-03 07:36:06";117,9
"2020-03-03 07:37:06";117,3
"2020-03-03 07:38:06";116,7
"2020-03-03 07:39:06";116,9
"2020-03-03 07:40:06";115,8
"2020-03-03 07:41:06";115,2
"2020-03-03 07:42:06";115,2
"2020-03-03 07:43:06";116,3
"2020-03-03 07:44:06";116,2
"2020-03-03 07:45:06";116,2
"2020-03-03 07:46:06";140,2
"2020-03-03 07:47:06";173,6
"2020-03-03 07:48:06";203,1
"2020-03-03 07:49:06";236
"2020-03-03 07:50:06";256,4
"2020-03-03 07:51:06";256,1
"2020-03-03 07:52:06";256,1
"2020-03-03 07:53:06";255,6
"2020-03-03 07:54:06";256,6
"2020-03-03 07:55:06";255,4
"2020-03-03 07:56:06";254,7
"2020-03-03 07:57:06";255,6
"2020-03-03 07:58:06";254,8
"2020-03-03 07:59:06";255,3
"2020-03-03 08:00:06";255,1
"2020-03-03 08:01:06";254,7
"2020-03-03 08:02:06";254,5
"2020-03-03 08:03:06";254,4
"2020-03-03 08:04:06";254,2
"2020-03-03 08:05:06";254,2
"2020-03-03 08:06:06";254,1
"2020-03-03 08:07:06";254
"2020-03-03 08:08:06";254
"2020-03-03 08:09:06";254
"2020-03-03 08:10:06";254
"2020-03-03 08:11:06";253,9
"2020-03-03 08:12:06";253,8
"2020-03-03 08:13:06";253,8
"2020-03-03 08:14:06";253,7
"2020-03-03 08:15:06";253,7
"2020-03-03 08:16:06";254,7
"2020-03-03 08:17:06";254,6
"2020-03-03 08:18:06";253,4
"2020-03-03 08:19:06";251
"2020-03-03 08:20:06";252,4
"2020-03-03 08:21:06";251,4
"2020-03-03 08:22:06";252
"2020-03-03 08:23:06";251,5
"2020-03-03 08:24:06";251,3
"2020-03-03 08:25:06";251,4
"2020-03-03 08:26:06";252
"2020-03-03 08:27:06";250,1
"2020-03-03 08:28:06";250
"2020-03-03 08:29:06";249,5
"2020-03-03 08:30:06";249,1
"2020-03-03 08:31:06";248,8
"2020-03-03 08:32:06";248
"2020-03-03 08:33:06";249,3
"2020-03-03 08:34:06";248,4
"2020-03-03 08:35:06";248,3
"2020-03-03 08:36:06";247,9
"2020-03-03 08:37:06";248,7
"2020-03-03 08:38:06";249,3
"2020-03-03 08:39:06";249,1
"2020-03-03 08:40:06";248,4
"2020-03-03 08:41:06";248,1
"2020-03-03 08:42:06";246,7
"2020-03-03 08:43:06";247,3
"2020-03-03 08:44:06";247,5
"2020-03-03 08:45:06";245,9
"2020-03-03 08:46:06";246,6
"2020-03-03 08:47:06";246
"2020-03-03 08:48:06";245
"2020-03-03 08:49:06";245,4
"2020-03-03 08:50:06";244,6
"2020-03-03 08:51:06";244,6
"2020-03-03 08:52:06";244,1
"2020-03-03 08:53:06";244,2
"2020-03-03 08:54:06";243,9
"2020-03-03 08:55:06";244,9
"2020-03-03 08:56:06";243,3
"2020-03-03 08:57:06";243,4
"2020-03-03 08:58:06";243,5
"2020-03-03 08:59:06";243,2
"2020-03-03 09:00:06";243,1
"2020-03-03 09:01:06";243
"2020-03-03 09:02:06";242,9
"2020-03-03 09:03:06";242,9
"2020-03-03 09:04:06";242,8
"2020-03-03 09:05:06";242,7
"2020-03-03 09:06:06";242,7
"2020-03-03 09:07:06";242,7
"2020-03-03 09:08:06";242,6
"2020-03-03 09:09:06";242,6
"2020-03-03 09:10:06";242,5
"2020-03-03 09:11:06";242,5
"2020-03-03 09:12:06";242,4
"2020-03-03 09:13:06";242,3
"2020-03-03 09:14:06";242,3
"2020-03-03 09:15:06";242,2
"2020-03-03 09:16:06";242,2
"2020-03-03 09:17:06";242,2
"2020-03-03 09:18:06";242,1
"2020-03-03 09:19:06";242,2
"2020-03-03 09:20:06";243,4
"2020-03-03 09:21:06";242,9
"2020-03-03 09:22:06";241,6
"2020-03-03 09:23:06";240,8
"2020-03-03 09:24:06";241,8
"2020-03-03 09:25:06";241,2
"2020-03-03 09:26:06";240,5
"2020-03-03 09:27:06";240,4
"2020-03-03 09:28:06";240
"2020-03-03 09:29:06";239,6
"2020-03-03 09:30:06";239,9
"2020-03-03 09:31:06";239,6
"2020-03-03 09:32:06";237,8
"2020-03-03 09:33:06";238,3
"2020-03-03 09:34:06";238,9
"2020-03-03 09:35:06";238,5
"2020-03-03 09:36:06";238,1
"2020-03-03 09:37:06";236,8
"2020-03-03 09:38:06";237,3
"2020-03-03 09:39:06";236,2
"2020-03-03 09:40:06";237,9
"2020-03-03 09:41:06";236,2
"2020-03-03 09:42:06";236
"2020-03-03 09:43:06";236,7
"2020-03-03 09:44:06";237,3
"2020-03-03 09:45:06";237
"2020-03-03 09:46:06";236,2
"2020-03-03 09:47:06";234,6
"2020-03-03 09:48:06";235,1
"2020-03-03 09:49:06";235,8
"2020-03-03 09:50:06";235,1
"2020-03-03 09:51:06";234,6
"2020-03-03 09:52:06";234,2
"2020-03-03 09:53:06";234,4
"2020-03-03 09:54:06";235,9
"2020-03-03 09:55:06";233,7
"2020-03-03 09:56:06";233,3
"2020-03-03 09:57:06";233,4
"2020-03-03 09:58:06";232,7
"2020-03-03 09:59:06";232,7
"2020-03-03 10:00:06";232,1
"2020-03-03 10:01:06";233,5
"2020-03-03 10:02:06";233,3
"2020-03-03 10:03:06";233,1
"2020-03-03 10:04:06";232,7
"2020-03-03 10:05:06";231,9
"2020-03-03 10:06:06";231,7
"2020-03-03 10:07:06";231,5
"2020-03-03 10:08:06";231,3
"2020-03-03 10:09:06";231,2
"2020-03-03 10:10:06";231
"2020-03-03 10:11:06";230,8
"2020-03-03 10:12:06";230,6
"2020-03-03 10:13:06";230,5
"2020-03-03 10:14:06";230,4
"2020-03-03 10:15:06";230,3
"2020-03-03 10:16:06";230,2
"2020-03-03 10:17:06";230,2
"2020-03-03 10:18:06";230,1
"2020-03-03 10:19:06";230,1
"2020-03-03 10:20:06";230
"2020-03-03 10:21:06";230
"2020-03-03 10:22:06";230
"2020-03-03 10:23:06";229,9
"2020-03-03 10:24:06";230,2
"2020-03-03 10:25:06";228,6
"2020-03-03 10:26:06";214,6
"2020-03-03 10:27:06";202,4
"2020-03-03 10:28:06";190
"2020-03-03 10:29:06";178,5
"2020-03-03 10:30:06";167
"2020-03-03 10:31:06";156,1
"2020-03-03 10:32:06";145,5
"2020-03-03 10:33:06";140,1
"2020-03-03 10:34:06";140,1
"2020-03-03 10:35:06";140
"2020-03-03 10:36:06";140
"2020-03-03 10:37:06";140
"2020-03-03 10:38:06";139,9
"2020-03-03 10:39:06";139,9
"2020-03-03 10:40:06";139,9
"2020-03-03 10:41:06";139,8
"2020-03-03 10:42:06";139,8
"2020-03-03 10:43:06";139,8
"2020-03-03 10:44:06";139,8
"2020-03-03 10:45:06";139,7
"2020-03-03 10:46:06";139,7
"2020-03-03 10:47:06";139,6
"2020-03-03 10:48:06";139,6
"2020-03-03 10:49:06";139,5
"2020-03-03 10:50:06";139,5
"2020-03-03 10:51:06";139,5
"2020-03-03 10:52:06";139,5
"2020-03-03 10:53:06";139,4
"2020-03-03 10:54:06";139,4
"2020-03-03 10:55:06";139,4
"2020-03-03 10:56:06";139,3
"2020-03-03 10:57:06";139,3
"2020-03-03 10:58:06";139,2
"2020-03-03 10:59:06";139,2
"2020-03-03 11:00:06";137,7
"2020-03-03 11:01:06";138,4
"2020-03-03 11:02:06";138,5
"2020-03-03 11:03:06";137,7
"2020-03-03 11:04:06";138,7
"2020-03-03 11:05:06";136,9
"2020-03-03 11:06:06";137,4
"2020-03-03 11:07:06";137,4
"2020-03-03 11:08:06";137
"2020-03-03 11:09:06";136,9
"2020-03-03 11:10:06";135,9
"2020-03-03 11:11:06";135,6
"2020-03-03 11:12:06";135,4
"2020-03-03 11:13:06";136,5
"2020-03-03 11:14:06";134
"2020-03-03 11:15:06";134,6
"2020-03-03 11:16:06";133,4
"2020-03-03 11:17:06";133,8
"2020-03-03 11:18:06";134,3
"2020-03-03 11:19:06";132,1
"2020-03-03 11:20:06";133,5
"2020-03-03 11:21:06";132,6
"2020-03-03 11:22:06";134,7
"2020-03-03 11:23:06";133,9
"2020-03-03 11:24:06";131,4
"2020-03-03 11:25:06";132,2
"2020-03-03 11:26:06";132
"2020-03-03 11:27:06";131,6
"2020-03-03 11:28:06";131,5
"2020-03-03 11:29:06";131,6
"2020-03-03 11:30:06";129,7
"2020-03-03 11:31:06";130,4
"2020-03-03 11:32:06";130,5
"2020-03-03 11:33:06";130,8
"2020-03-03 11:34:06";130
"2020-03-03 11:35:06";129,2
"2020-03-03 11:36:06";129,7
"2020-03-03 11:37:06";129,9
"2020-03-03 11:38:06";128,1
"2020-03-03 11:39:06";127,5
"2020-03-03 11:40:06";130,2
"2020-03-03 11:41:06";128
"2020-03-03 11:42:06";128,5
"2020-03-03 11:43:06";128,8
"2020-03-03 11:44:06";128,7
"2020-03-03 11:45:06";128,6
"2020-03-03 11:46:06";128,5
"2020-03-03 11:47:06";128,4
"2020-03-03 11:48:06";128,3
"2020-03-03 11:49:06";128,3
"2020-03-03 11:50:06";128,2
"2020-03-03 11:51:06";128,1
"2020-03-03 11:52:06";127,9
"2020-03-03 11:53:06";127,8
"2020-03-03 11:54:06";127,8
"2020-03-03 11:55:06";127,7
"2020-03-03 11:56:06";127,6
"2020-03-03 11:57:06";127,5
"2020-03-03 11:58:06";127,4
"2020-03-03 11:59:06";127,4
"2020-03-03 12:00:06";127,2
"2020-03-03 12:01:06";127,2
"2020-03-03 12:02:06";127,2
"2020-03-03 12:03:06";127,2
"2020-03-03 12:04:06";127,1
"2020-03-03 12:05:06";127,1
"2020-03-03 12:06:06";127
"2020-03-03 12:07:06";126,9
"2020-03-03 12:08:06";126,9
"2020-03-03 12:09:06";126,9
"2020-03-03 12:10:06";126,8
"2020-03-03 12:11:06";126,7
"2020-03-03 12:12:06";126,7
"2020-03-03 12:13:06";126,7
"2020-03-03 12:14:06";126,6
"2020-03-03 12:15:06";126,6
"2020-03-03 12:16:06";126,5
"2020-03-03 12:17:06";126,5
"2020-03-03 12:18:05";126,4
"2020-03-03 12:19:05";126,4
"2020-03-03 12:20:05";126,1
"2020-03-03 12:21:05";126,1
"2020-03-03 12:22:05";125,2
"2020-03-03 12:23:05";125,7
"2020-03-03 12:24:05";125,4
"2020-03-03 12:25:05";125,8
"2020-03-03 12:26:05";124,5
"2020-03-03 12:27:05";122,5
"2020-03-03 12:28:05";123,9
"2020-03-03 12:29:05";123,5
"2020-03-03 12:30:05";123,6
"2020-03-03 12:31:05";122,7
"2020-03-03 12:32:05";123,2
"2020-03-03 12:33:05";121,8
"2020-03-03 12:34:05";122
"2020-03-03 12:35:05";122,1
"2020-03-03 12:36:05";121
"2020-03-03 12:37:05";121,9
"2020-03-03 12:38:05";121,2
"2020-03-03 12:39:05";120
"2020-03-03 12:40:05";121,2
"2020-03-03 12:41:05";119,6
"2020-03-03 12:42:05";119,3
"2020-03-03 12:43:05";119,8
"2020-03-03 12:44:05";119,1
"2020-03-03 12:45:05";118,5
"2020-03-03 12:46:05";117,4
"2020-03-03 12:47:05";119,6
"2020-03-03 12:48:05";118,5
"2020-03-03 12:49:05";119,3
"2020-03-03 12:50:05";117,6
"2020-03-03 12:51:05";119,1
"2020-03-03 12:52:05";116,9
"2020-03-03 12:53:05";118,6
"2020-03-03 12:54:05";116,9
"2020-03-03 12:55:05";118,1
"2020-03-03 12:56:05";118
"2020-03-03 12:57:05";117,6
"2020-03-03 12:58:05";117,4
"2020-03-03 12:59:05";117,6
"2020-03-03 13:00:05";117,9
"2020-03-03 13:01:05";128,9
"2020-03-03 13:02:05";161,1
"2020-03-03 13:03:05";193,3
"2020-03-03 13:04:05";225,2
"2020-03-03 13:05:05";257,5
"2020-03-03 13:06:05";277,7
"2020-03-03 13:07:05";277
"2020-03-03 13:08:05";277,2
"2020-03-03 13:09:05";277
"2020-03-03 13:10:05";276,3
"2020-03-03 13:11:05";276,5
"2020-03-03 13:12:05";279,8
"2020-03-03 13:13:05";277,6
"2020-03-03 13:14:05";276,5
"2020-03-03 13:15:05";276,5
"2020-03-03 13:16:05";276
"2020-03-03 13:17:05";275,9
"2020-03-03 13:18:05";275,8
"2020-03-03 13:19:05";275,7
"2020-03-03 13:20:05";275,6
"2020-03-03 13:21:05";275,5
"2020-03-03 13:22:05";275,4
"2020-03-03 13:23:05";275,4
"2020-03-03 13:24:05";275,3
"2020-03-03 13:25:05";275,2
"2020-03-03 13:26:05";275,1
"2020-03-03 13:27:05";275,1
"2020-03-03 13:28:05";275
"2020-03-03 13:29:05";274,9
"2020-03-03 13:30:05";274,9
"2020-03-03 13:31:05";274,9
"2020-03-03 13:32:05";274,8
"2020-03-03 13:33:05";274,7
"2020-03-03 13:34:05";274,6
"2020-03-03 13:35:05";274,6
"2020-03-03 13:36:05";274,5
"2020-03-03 13:37:05";274,4
"2020-03-03 13:38:05";274,4
"2020-03-03 13:39:05";274,3
"2020-03-03 13:40:05";274,3
"2020-03-03 13:41:05";274,3
"2020-03-03 13:42:05";274,2
"2020-03-03 13:43:05";274,1
"2020-03-03 13:44:05";274,1
"2020-03-03 13:45:05";274
"2020-03-03 13:46:05";273,9
"2020-03-03 13:47:05";273,9
"2020-03-03 13:48:05";273,8
"2020-03-03 13:49:05";273,8
"2020-03-03 13:50:05";273,8
"2020-03-03 13:51:05";273,8
"2020-03-03 13:52:05";273,7
"2020-03-03 13:53:05";273,6
"2020-03-03 13:54:05";273,6
"2020-03-03 13:55:05";273,5
"2020-03-03 13:56:05";273,4
"2020-03-03 13:57:05";273,4
"2020-03-03 13:58:05";273,3
"2020-03-03 13:59:05";273,3
"2020-03-03 14:00:05";273,2
"2020-03-03 14:01:05";273,2
"2020-03-03 14:02:05";273,1
"2020-03-03 14:03:05";273,1
"2020-03-03 14:04:05";273
"2020-03-03 14:05:05";273
"2020-03-03 14:06:05";272,9
"2020-03-03 14:07:05";273
"2020-03-03 14:08:05";273,8
"2020-03-03 14:09:05";272,2
"2020-03-03 14:10:05";272
"2020-03-03 14:11:05";271,6
"2020-03-03 14:12:05";273,1
"2020-03-03 14:13:05";271,5
"2020-03-03 14:14:05";271,6
"2020-03-03 14:15:05";270,8
"2020-03-03 14:16:05";270,5
"2020-03-03 14:17:05";269,9
"2020-03-03 14:18:05";270,7
"2020-03-03 14:19:05";270,3
"2020-03-03 14:20:05";269,8
"2020-03-03 14:21:05";268,8
"2020-03-03 14:22:05";268,5
"2020-03-03 14:23:05";268,4
"2020-03-03 14:24:05";267,8
"2020-03-03 14:25:05";267,8
"2020-03-03 14:26:05";267,6
"2020-03-03 14:27:05";267,7
"2020-03-03 14:28:05";267
"2020-03-03 14:29:05";267,2
"2020-03-03 14:30:05";268,4
"2020-03-03 14:31:05";266,9
"2020-03-03 14:32:05";267,8
"2020-03-03 14:33:05";265,7
"2020-03-03 14:34:05";266,2
"2020-03-03 14:35:05";265,7
"2020-03-03 14:36:05";265,4
"2020-03-03 14:37:05";266,2
"2020-03-03 14:38:05";265,3
"2020-03-03 14:39:05";264,5
"2020-03-03 14:40:05";264,5
"2020-03-03 14:41:05";264,4
"2020-03-03 14:42:05";263,7
"2020-03-03 14:43:05";263,7
"2020-03-03 14:44:05";263,4
"2020-03-03 14:45:05";264,8
"2020-03-03 14:46:05";263,9
"2020-03-03 14:47:05";263,5
"2020-03-03 14:48:05";264,4
"2020-03-03 14:49:05";264
"2020-03-03 14:50:05";262,9
"2020-03-03 14:51:05";262,6
"2020-03-03 14:52:05";262,5
"2020-03-03 14:53:05";262,4
"2020-03-03 14:54:05";262,3
"2020-03-03 14:55:05";262,2
"2020-03-03 14:56:05";262,1
"2020-03-03 14:57:05";262
"2020-03-03 14:58:05";262
"2020-03-03 14:59:05";261,9
"2020-03-03 15:00:05";261,8
"2020-03-03 15:01:05";261,8
"2020-03-03 15:02:05";261,8
"2020-03-03 15:03:05";261,7
"2020-03-03 15:04:05";261,6
"2020-03-03 15:05:05";261,6
"2020-03-03 15:06:05";261,5
"2020-03-03 15:07:05";261,5
"2020-03-03 15:08:05";261,4
"2020-03-03 15:09:05";261,3
"2020-03-03 15:10:04";261,3
"2020-03-03 15:11:05";261,3
"2020-03-03 15:12:05";261,3
"2020-03-03 15:13:05";261,2
"2020-03-03 15:14:05";261,2
"2020-03-03 15:15:05";261,1
"2020-03-03 15:16:05";261,1
"2020-03-03 15:17:05";261,1
"2020-03-03 15:18:05";261
"2020-03-03 15:19:05";260,9
"2020-03-03 15:20:05";260,9
"2020-03-03 15:21:05";260,8
"2020-03-03 15:22:05";260,8
"2020-03-03 15:23:05";260,7
"2020-03-03 15:24:05";260,7
"2020-03-03 15:25:05";260,7
"2020-03-03 15:26:05";260,7
"2020-03-03 15:27:05";260,6
"2020-03-03 15:28:05";260,5
"2020-03-03 15:29:05";260,5
"2020-03-03 15:30:05";260,4
"2020-03-03 15:31:05";260,4
"2020-03-03 15:32:05";260,3
"2020-03-03 15:33:05";259,7
"2020-03-03 15:34:05";260
"2020-03-03 15:35:05";260,3
"2020-03-03 15:36:05";259,8
"2020-03-03 15:37:04";259,6
"2020-03-03 15:38:05";259
"2020-03-03 15:39:05";259
"2020-03-03 15:40:05";258,7
"2020-03-03 15:41:05";260
"2020-03-03 15:42:05";259
"2020-03-03 15:43:05";258,9
"2020-03-03 15:44:05";259
"2020-03-03 15:45:05";258,9
"2020-03-03 15:46:05";259,2
"2020-03-03 15:47:05";258,5
"2020-03-03 15:48:05";258,4
"2020-03-03 15:49:05";257,9
"2020-03-03 15:50:05";258
"2020-03-03 15:51:05";257,9
"2020-03-03 15:52:05";256,9
"2020-03-03 15:53:05";257,1
"2020-03-03 15:54:05";256,2
"2020-03-03 15:55:05";257
"2020-03-03 15:56:05";257,8
"2020-03-03 15:57:05";256,5
"2020-03-03 15:58:05";256,6
"2020-03-03 15:59:05";256,3
"2020-03-03 16:00:05";256,3
"2020-03-03 16:01:05";256,3
"2020-03-05 07:11:34";253,6
"2020-03-05 07:12:35";253,6
"2020-03-05 07:13:35";253,5
"2020-03-05 07:14:35";253,4
"2020-03-05 07:15:35";252,6
"2020-03-05 07:16:35";253,1
"2020-03-06 07:33:46";253,6
"2020-03-06 07:42:25";253,6
"2020-03-06 07:43:25";253,5
"2020-03-06 07:44:25";253,4
"2020-03-06 07:45:25";253,3
"2020-03-06 07:46:25";253,2
"2020-03-06 07:47:25";253,3
"2020-03-06 07:59:46";253,2
"2020-03-10 07:01:21";251,8
"2020-03-10 07:02:22";251,7
"2020-03-10 07:03:22";251,7
"2020-03-10 07:04:22";251,6
"2020-03-10 07:05:22";251,5
"2020-03-10 07:06:22";251,5
"2020-03-10 07:07:22";251,6
"2020-03-10 07:08:22";251,6
"2020-03-10 07:09:22";251,6
"2020-03-10 07:10:22";251,6
"2020-03-10 07:11:22";251,6
"2020-03-10 07:12:22";251,6
"2020-03-10 07:13:22";251,6
"2020-03-10 07:14:22";251,6
"2020-03-10 07:15:22";251,7
"2020-03-10 07:16:22";251,7
"2020-03-10 07:17:22";251,7
"2020-03-10 07:18:22";251,7
"2020-03-10 07:19:22";251,7
"2020-03-10 07:20:22";251,8
"2020-03-10 07:21:22";251,8
"2020-03-10 07:22:22";251,8
"2020-03-10 07:23:22";251,8
"2020-03-10 07:24:22";251,8
"2020-03-10 07:25:22";251,8
"2020-03-10 07:26:22";251,8
"2020-03-10 07:27:22";251,8
"2020-03-10 07:28:22";251,8
"2020-03-10 07:29:22";251,8
"2020-03-10 07:30:22";251,8
"2020-03-10 07:31:22";251,7
"2020-03-10 07:32:22";251,7
"2020-03-10 07:33:22";251,7
"2020-03-10 07:34:22";251,7
"2020-03-10 07:35:22";251,7
"2020-03-10 07:36:22";251,6
"2020-03-10 07:37:22";251,6
"2020-03-10 07:38:22";251,6
"2020-03-10 07:39:22";251,5
"2020-03-10 07:40:22";251,5
"2020-03-10 07:41:22";251,5
"2020-03-10 07:42:22";251,5
"2020-03-10 07:43:22";251,4
"2020-03-10 07:44:22";251,4
"2020-03-10 07:45:22";251,3
"2020-03-10 07:46:22";251,3
"2020-03-10 07:47:22";251,2
"2020-03-10 07:48:22";251,2
"2020-03-10 07:49:22";251,1
"2020-03-10 07:50:22";251,1
"2020-03-10 07:51:22";251
"2020-03-10 07:52:22";250,9
"2020-03-10 07:53:22";250,9
"2020-03-10 07:54:22";250,9
"2020-03-10 07:55:22";250,8
"2020-03-10 07:56:22";250,8
"2020-03-10 07:57:22";250,8
"2020-03-10 07:58:22";250,7
"2020-03-10 07:59:22";250,7
"2020-03-10 08:00:22";250,6
"2020-03-10 08:01:22";250,6
"2020-03-10 08:02:22";250,5
"2020-03-10 08:03:22";250,5
"2020-03-10 08:04:22";250,4
"2020-03-10 08:05:22";250,4
"2020-03-10 08:06:22";250,4
"2020-03-10 08:07:22";250,4
"2020-03-10 08:08:22";250,3
"2020-03-10 08:09:22";250,3
"2020-03-10 08:10:22";250,2
"2020-03-10 08:11:22";250,2
"2020-03-10 08:12:22";250,2
"2020-03-10 08:13:22";250,1
"2020-03-10 08:14:22";250,1
"2020-03-10 08:15:22";250
"2020-03-10 08:16:22";250
"2020-03-10 08:17:22";249,9
"2020-03-10 08:18:22";249,9
"2020-03-10 08:19:22";249,8
"2020-03-10 08:20:22";249,8
"2020-03-10 08:21:22";249,3
"2020-03-10 08:22:22";249,6
"2020-03-10 08:23:22";249,6
"2020-03-10 08:24:22";249,8
"2020-03-10 08:25:22";249,8
"2020-03-10 08:26:22";249,8
"2020-03-10 08:27:22";249,7
"2020-03-11 08:26:59";247,1
"2020-03-11 08:27:59";247
"2020-03-11 08:28:59";246,9
"2020-03-11 08:29:59";247,1
"2020-03-11 08:30:59";247,3
"2020-03-11 08:31:59";247,1
"2020-03-11 08:32:59";247,1
"2020-03-11 08:33:59";247,1
"2020-03-20 06:28:32";246,5
"2020-03-20 06:29:33";246,4
"2020-03-20 06:30:33";246,4
"2020-03-20 06:31:33";246,3
"2020-03-20 06:32:33";246,3
"2020-03-20 06:33:33";246,2
"2020-03-20 06:34:33";246,2
"2020-03-20 06:35:33";246,6
"2020-03-20 06:36:33";246,3
"2020-03-20 06:37:43";246
"2020-03-20 06:38:43";246,1
"2020-03-20 06:39:43";246,1
"2020-03-20 06:40:43";246,1
"2020-03-20 06:41:43";246,2
"2020-03-20 06:42:43";246,2
"2020-03-20 06:43:43";246,3
"2020-03-20 06:44:43";246,3
"2020-03-20 06:45:43";246,3
"2020-03-20 06:46:43";246,4
"2020-03-20 06:47:43";246,4
"2020-03-20 06:48:43";246,4
"2020-03-20 06:49:43";246,4
"2020-03-20 06:50:43";246,4
"2020-03-20 06:51:43";246,4
"2020-03-20 06:52:43";246,5
"2020-03-20 06:53:43";246,5
"2020-03-20 06:54:43";246,5
"2020-03-20 06:55:43";246,5
"2020-03-20 06:56:43";246,5
"2020-03-20 06:57:43";246,5
"2020-03-20 06:58:43";246,5
"2020-03-20 06:59:43";246,6
"2020-03-20 07:00:43";246,6
"2020-03-20 07:01:43";246,6
"2020-03-20 07:02:43";246,6
"2020-03-20 07:03:43";246,6
"2020-03-20 07:04:43";246,6
"2020-03-20 07:05:43";246,5
"2020-03-20 07:06:43";246,5
"2020-03-20 07:07:43";246,5
"2020-03-20 07:08:43";246,5
"2020-03-20 07:09:43";246,5
"2020-03-20 07:10:43";246,5
"2020-03-20 07:11:43";246,5
"2020-03-20 07:12:43";246,4
"2020-03-20 07:13:43";246,4
"2020-03-20 07:14:43";246,4
"2020-03-20 07:15:43";246,4
"2020-03-20 07:16:43";246,4
"2020-03-20 07:17:43";246,4
"2020-03-20 07:18:43";246,4
"2020-03-20 07:19:43";246,4
"2020-03-20 07:20:43";246,4
"2020-03-20 07:21:43";246,4
"2020-03-20 07:22:43";246,4
"2020-03-20 07:23:43";246,4
"2020-03-20 07:24:43";246,4
"2020-03-20 07:25:43";246,3
"2020-03-20 07:26:43";246,3
"2020-03-20 07:27:43";246,2
"2020-03-20 07:28:43";246,2
"2020-03-20 07:29:43";246,1
"2020-03-20 07:30:43";246,1
"2020-03-20 07:31:43";246,1
"2020-03-20 07:32:43";246,1
"2020-03-20 07:33:43";246
"2020-03-20 07:34:43";246
"2020-03-20 07:35:43";246,2
"2020-03-20 07:36:43";246,1
"2020-03-20 07:37:43";246,1
"2020-03-20 07:38:43";246
"2020-03-20 07:39:43";245,9
"2020-03-20 07:40:43";245,9
"2020-03-20 07:41:43";245,9
"2020-03-20 07:42:43";245,9
"2020-03-20 07:43:43";245,9
"2020-03-20 07:44:43";245,8
"2020-03-20 07:45:43";245,8
"2020-03-20 07:46:43";245,7
"2020-03-20 07:47:43";245,7
"2020-03-20 07:48:43";245,7
"2020-03-20 07:49:43";245,6
"2020-03-20 07:50:43";245,6
"2020-03-20 07:51:43";245,5
"2020-03-20 07:52:43";245,5
"2020-03-20 07:53:43";245,4
"2020-03-20 07:54:43";245,3
"2020-03-20 07:55:43";245,3
"2020-03-20 07:56:43";245,1
"2020-03-20 07:57:43";244,9
"2020-03-20 07:58:43";244,4
"2020-03-20 07:59:43";244
"2020-03-20 08:00:43";244,9
"2020-03-20 08:01:43";243,3
"2020-03-20 08:02:43";244,5
"2020-03-20 08:03:43";243,8
"2020-03-20 08:04:43";243,3
"2020-03-20 08:05:43";242,7
"2020-03-20 08:06:43";242,6
"2020-03-20 08:07:43";240,8
"2020-03-20 08:08:43";241,9
"2020-03-20 08:09:43";241,5
"2020-03-20 08:10:43";241,9
"2020-03-20 08:11:43";241,6
"2020-03-20 08:12:43";241,3
"2020-03-20 08:13:43";240,7
"2020-03-20 08:14:43";240
"2020-03-20 08:15:43";240,2
"2020-03-20 08:16:43";239,6
"2020-03-20 08:17:43";239,4
"2020-03-20 08:18:43";239,5
"2020-03-20 08:19:43";239,5
"2020-03-20 08:20:43";239,4
"2020-03-20 08:21:43";238,7
"2020-03-20 08:22:43";238,9
"2020-03-20 08:23:43";238,9
"2020-03-20 08:24:43";238,8
"2020-03-20 08:25:43";238,8
"2020-03-20 08:26:43";238,7
"2020-03-20 08:27:43";238,6
"2020-03-20 08:28:43";238,4
"2020-03-20 08:29:43";238,7
"2020-03-20 08:30:43";238,5
"2020-03-20 08:31:43";238,4
"2020-03-20 08:32:43";237,8
"2020-03-20 08:33:43";237,3
"2020-03-20 08:34:43";237,3
"2020-03-20 08:35:43";237,6
"2020-03-20 08:36:43";237,7
"2020-03-20 08:37:43";237,7
"2020-03-20 08:38:43";237,6
"2020-03-20 08:39:43";237,6
"2020-03-20 08:40:43";237,5
"2020-03-20 08:41:43";237,5
"2020-03-20 08:42:43";237,4
"2020-03-20 08:43:43";237,4
"2020-03-20 08:44:43";237,3
"2020-03-20 08:45:43";237,3
"2020-03-20 08:46:43";237,3
"2020-03-20 08:47:43";237,2
"2020-03-20 08:48:43";237,2
"2020-03-20 08:49:43";237,1
"2020-03-20 08:50:43";237,1
"2020-03-20 08:51:43";237
"2020-03-20 08:52:43";237
"2020-03-20 08:53:43";236,9
"2020-03-20 08:54:43";236,9
"2020-03-20 08:55:43";236,8
"2020-03-20 08:56:43";236,8
"2020-03-20 08:57:43";236,8
"2020-03-20 08:58:43";236,7
"2020-03-20 08:59:43";236,7
"2020-03-20 09:00:43";236,6
"2020-03-20 09:01:43";236,5
"2020-03-20 09:02:43";236,4
"2020-03-20 09:03:43";236,4
"2020-03-20 09:04:43";236,3
"2020-03-20 09:05:43";236,2
"2020-03-20 09:06:43";236,1
"2020-03-20 09:07:43";236
"2020-03-20 09:08:43";235,9
"2020-03-20 09:09:43";235,9
"2020-03-20 09:10:43";235,8
"2020-03-20 09:11:43";235,8
"2020-03-20 09:12:43";235,7
"2020-03-20 09:13:43";235,7
"2020-03-20 09:14:43";235,7
"2020-03-20 09:15:43";235,6
"2020-03-20 09:16:43";235,5
"2020-03-20 09:17:43";235,5
"2020-03-20 09:18:43";235,4
"2020-03-20 09:19:43";235,3
"2020-03-20 09:20:43";235,2
"2020-03-20 09:21:43";235,1
"2020-03-20 09:22:43";235,1
"2020-03-20 09:23:43";235
"2020-03-20 09:24:43";234,9
"2020-03-20 09:25:43";234,9
"2020-03-20 09:26:43";233,5
"2020-03-20 09:27:43";234,4
"2020-03-20 09:28:43";234
"2020-03-20 09:29:43";233,7
"2020-03-20 09:30:43";233,9
"2020-03-20 09:31:43";233,9
"2020-03-20 09:32:43";233,9
"2020-03-20 09:33:43";233,9
"2020-03-20 09:34:43";233,9
"2020-03-20 09:35:43";233,8
"2020-03-20 09:36:43";233,8
"2020-03-20 09:37:43";233,8
"2020-03-20 09:38:43";233,7
"2020-03-20 09:39:43";233,7
"2020-03-20 09:40:43";233,7
"2020-03-20 09:41:43";233,7
"2020-03-20 09:42:43";233,6
"2020-03-20 09:43:43";233,6
"2020-03-20 09:44:43";233,5
"2020-03-20 09:45:43";233
"2020-03-20 09:46:43";232,6
"2020-03-20 09:47:43";232,3
"2020-03-20 09:48:43";232,3
"2020-03-20 09:49:43";231,7
"2020-03-20 09:50:43";231,3
"2020-03-20 09:51:43";230,8
"2020-03-20 09:52:43";231,9
"2020-03-20 09:53:43";230,3
"2020-03-20 09:54:43";229,4
"2020-03-20 09:55:43";228,6
"2020-03-20 09:56:43";228,6
"2020-03-20 09:57:43";227,9
"2020-03-20 09:58:43";228,6
"2020-03-20 09:59:43";228,8
"2020-03-20 10:00:43";228,4
"2020-03-20 10:01:43";228,3
"2020-03-20 10:02:43";228,1
"2020-03-20 10:03:43";228
"2020-03-20 10:04:43";228
"2020-03-20 10:05:43";228
"2020-03-20 10:06:43";227,9
"2020-03-20 10:07:43";227,7
"2020-03-20 10:08:43";226,6
"2020-03-20 10:09:43";227,6
"2020-03-20 10:10:43";227,5
"2020-03-20 10:11:43";227,8
"2020-03-20 10:12:43";227,7
"2020-03-20 10:13:43";227,6
"2020-03-20 10:14:43";227,5
"2020-03-20 10:15:43";227,5
"2020-03-20 10:16:43";227,5
"2020-03-20 10:17:43";227,4
"2020-03-20 10:18:43";227,3
"2020-03-20 10:19:43";227,2
"2020-03-20 10:20:43";227,2
"2020-03-20 10:21:43";227,1
"2020-03-20 10:22:43";227
"2020-03-20 10:23:43";227
"2020-03-20 10:24:43";226,9
"2020-03-20 10:25:43";226,9
"2020-03-20 10:26:43";226,9
"2020-03-20 10:27:43";226,8
"2020-03-20 10:28:43";226,8
"2020-03-20 10:29:43";226,7
"2020-03-20 10:30:43";226,7
"2020-03-20 10:31:43";226,6
"2020-03-20 10:32:43";226,6
"2020-03-20 10:33:43";226,5
"2020-03-20 10:34:43";226,4
"2020-03-20 10:35:43";226,4
"2020-03-20 10:42:48";225,9
"2020-03-20 10:43:48";225,8
"2020-03-20 10:44:48";225,8
"2020-03-20 10:45:48";225,8
"2020-03-20 10:46:48";225,9
"2020-03-20 10:47:48";225,9
"2020-03-20 10:48:48";226
"2020-03-20 10:49:48";227,4
"2020-03-20 10:50:48";225,9
"2020-03-20 10:51:48";226,1
"2020-03-20 10:52:48";225,3
"2020-03-20 10:53:48";225,2
"2020-03-20 10:54:48";225,2
"2020-03-20 10:55:48";225,1
"2020-03-20 10:56:48";225,1
"2020-03-20 10:57:48";225,1
"2020-03-20 10:58:48";225
"2020-03-20 10:59:48";225,4
"2020-03-20 11:01:48";0
"2020-03-20 11:05:41";223,2
"2020-03-20 11:06:41";224,2
"2020-03-20 11:07:41";224,6
"2020-03-20 11:08:41";224
"2020-03-20 11:09:41";221,8
"2020-03-20 11:10:41";222,7
"2020-03-20 11:11:41";222
"2020-03-20 11:12:41";222,4
"2020-03-20 11:13:41";222
"2020-03-20 11:14:41";222,1
"2020-03-20 11:15:41";221,2
"2020-03-20 11:16:41";220,8
"2020-03-20 11:17:41";220,8
"2020-03-20 11:18:41";221,1
"2020-03-20 11:19:41";218,8
"2020-03-20 11:20:41";219,5
"2020-03-20 11:21:41";219,9
"2020-03-20 11:22:41";219,2
"2020-03-20 11:23:41";219,6
"2020-03-20 11:24:41";218,7
"2020-03-20 11:25:41";218
"2020-03-20 11:26:41";218,1
"2020-03-20 11:27:41";218
"2020-03-20 11:28:41";216,6
"2020-03-20 11:29:41";217,3
"2020-03-20 11:30:41";215,5
"2020-03-20 11:31:41";217
"2020-03-20 11:32:41";216,2
"2020-03-20 11:33:41";216,1
"2020-03-20 11:34:41";215,7
"2020-03-20 11:35:41";215
"2020-03-20 11:36:41";214,9
"2020-03-20 11:37:41";215,8
"2020-03-20 11:38:41";214,8
"2020-03-20 11:39:41";214,7
"2020-03-20 11:40:40";214,7
"2020-03-20 11:41:41";214,5
"2020-03-25 06:23:56";211,5
"2020-03-25 06:24:57";211,5
"2020-03-25 06:25:57";211,4
"2020-03-25 06:26:57";211,4
"2020-03-25 06:27:57";211,3
"2020-03-25 06:28:57";211,2
"2020-03-25 06:29:57";211,2
"2020-03-25 06:30:57";211,2
"2020-03-25 06:31:57";211,1
"2020-03-25 06:32:57";211,1
"2020-03-25 06:33:57";211,1
"2020-03-25 06:34:57";211,1
"2020-03-25 06:35:57";211
"2020-03-25 06:36:57";210,9
"2020-03-25 06:37:57";210,8
"2020-03-25 06:38:57";211,1
"2020-03-25 06:39:57";211,1
"2020-03-25 06:40:57";199,2
"2020-03-25 06:41:57";182,5
"2020-03-25 06:42:57";166,1
"2020-03-25 06:43:57";150,5
"2020-03-25 06:44:57";135,3
"2020-03-25 06:45:57";120,7
"2020-03-25 06:46:57";117,1
"2020-03-25 06:47:57";117,1
"2020-03-25 06:48:57";116,9
"2020-03-25 06:49:57";117,1
"2020-03-25 06:50:57";117,1
"2020-03-25 06:51:57";117,1
"2020-03-25 06:52:57";117
"2020-03-25 06:53:57";117
"2020-03-25 06:54:57";116,9
"2020-03-25 06:55:57";116,9
"2020-03-25 06:56:57";116,9
"2020-03-25 06:57:57";116,9
"2020-03-25 06:58:57";116,9
"2020-03-25 06:59:57";116,8
"2020-03-25 07:00:57";116,8
"2020-03-25 07:01:57";116,8
"2020-03-25 07:02:57";116,7
"2020-03-25 07:03:57";116,6
"2020-03-25 07:04:57";116,6
"2020-03-25 07:05:57";116,5
"2020-03-25 07:06:57";116,3
"2020-03-25 07:07:57";116,4
"2020-03-25 07:08:57";116,3
"2020-03-25 07:09:57";116,3
"2020-03-25 07:10:57";116,3
"2020-03-25 07:11:57";116,3
"2020-03-25 07:12:57";116,2
"2020-03-25 07:13:57";114,8
"2020-03-25 07:14:57";115,2
"2020-03-25 07:15:57";116,4
"2020-03-25 07:16:57";116,3
"2020-03-25 07:17:57";115,3
"2020-03-25 07:18:57";113,6
"2020-03-25 07:19:57";114,7
"2020-03-25 07:20:57";114,4
"2020-03-25 07:21:57";113,8
"2020-03-25 07:22:57";113,3
"2020-03-25 07:23:57";113,7
"2020-03-25 07:24:57";112,9
"2020-03-25 07:25:57";113,3
"2020-03-25 07:26:57";112,6
"2020-03-25 07:27:57";111,3
"2020-03-25 07:28:57";111,8
"2020-03-25 07:29:57";111,9
"2020-03-25 07:30:57";109,9
"2020-03-25 07:31:57";111,6
"2020-03-25 07:32:57";111,1
"2020-03-25 07:33:57";109,7
"2020-03-25 07:34:57";110,2
"2020-03-25 07:35:57";110,6
"2020-03-25 07:36:57";109,8
"2020-03-25 07:37:57";110,7
"2020-03-25 07:38:57";110,1
"2020-03-25 07:39:57";108,5
"2020-03-25 07:40:57";109,9
"2020-03-25 07:41:57";109,8
"2020-03-25 07:42:57";109,9
"2020-03-25 07:43:57";109,9
"2020-03-25 07:44:57";108,4
"2020-03-25 07:45:57";109,1
"2020-03-25 07:46:57";107,9
"2020-03-25 07:47:57";106,5
"2020-03-25 07:48:57";108,8
"2020-03-25 07:49:57";107,3
"2020-03-25 07:50:57";108,3
"2020-03-25 07:51:57";107,1
"2020-03-25 07:52:57";107,7
"2020-03-25 07:53:57";107,7
"2020-03-25 07:54:57";107,9
"2020-03-25 07:55:57";106,4
"2020-03-25 07:56:57";107
"2020-03-25 07:57:57";106,9
"2020-03-25 07:58:57";106,9
"2020-03-25 07:59:57";106,8
"2020-03-25 08:00:57";107,1
"2020-03-25 08:01:57";116,8
"2020-03-25 08:02:57";147,1
"2020-03-25 08:03:57";179,5
"2020-03-25 08:04:57";207,9
"2020-03-25 08:05:57";236,1
"2020-03-25 08:06:57";262,9
"2020-03-25 08:07:57";264,5
"2020-03-25 08:08:57";264,2
"2020-03-25 08:09:57";264,1
"2020-03-25 08:10:57";264,1
"2020-03-25 08:11:57";263,9
"2020-03-25 08:12:57";264,5
"2020-03-25 08:13:57";265
"2020-03-25 08:14:57";264,2
"2020-03-25 08:15:57";264,2
"2020-03-25 08:16:57";263,7
"2020-03-25 08:17:57";264
"2020-03-25 08:18:57";264
"2020-03-25 08:19:57";263,7
"2020-03-26 07:08:02";261,9
"2020-03-26 07:09:05";261,9
"2020-03-26 07:10:05";261,8
"2020-03-26 07:11:05";261,8
"2020-03-26 07:12:05";261,8
"2020-03-26 07:13:05";261,8
"2020-03-26 07:14:05";261,7
"2020-03-26 07:15:05";261,7
"2020-03-26 07:16:05";261,6
"2020-03-26 07:17:05";261,6
"2020-03-26 07:18:05";261,5
"2020-03-26 07:19:05";261,5
"2020-03-26 07:20:05";261,5
"2020-03-26 07:21:05";261,4
"2020-03-26 07:22:05";261,4
"2020-03-26 07:23:05";261,3
"2020-03-26 07:24:05";263,3
"2020-03-26 07:25:05";261,3
"2020-03-26 07:26:05";261
"2020-03-26 07:27:04";261
"2020-03-26 07:28:05";261,3
"2020-03-26 07:29:05";261,3
"2020-03-26 07:30:05";261,3
"2020-03-26 07:31:05";261,2
"2020-03-26 07:32:05";261,2
"2020-03-26 07:33:05";261,2
"2020-03-26 07:34:05";261,2
"2020-03-26 07:35:05";261,1
"2020-03-26 07:36:05";261,2
"2020-03-26 07:37:05";261,2
"2020-03-26 07:38:05";261,1
"2020-03-26 07:39:05";261,1
"2020-03-26 07:40:05";261,1
"2020-03-26 07:41:05";261
"2020-03-26 07:42:05";261
"2020-03-26 07:43:05";261,2
"2020-03-26 07:44:05";261
"2020-03-26 07:45:05";261,4
"2020-03-26 07:46:05";261,4
"2020-03-26 07:47:05";261,3
"2020-03-26 07:48:05";261,3
"2020-03-26 07:49:05";261,3
"2020-03-26 07:50:05";261
"2020-03-26 07:51:05";261,4
"2020-03-26 07:52:05";260,2
"2020-03-26 07:53:05";260,1
"2020-03-26 07:54:05";259,6
"2020-03-26 07:55:05";259,2
"2020-03-26 07:56:05";260,1
"2020-03-26 07:57:05";259,6
"2020-03-26 07:58:05";259,3
"2020-03-26 07:59:05";258,9
"2020-03-26 08:00:05";258,8
"2020-03-26 08:01:05";258,7
"2020-03-26 08:02:05";258,6
"2020-03-26 08:03:05";258,5
"2020-03-26 08:04:05";256,9
"2020-03-26 08:05:05";257,9
"2020-03-26 08:06:05";257,2
"2020-03-26 08:07:05";256,8
"2020-03-26 08:08:05";257,4
"2020-03-26 08:09:05";255,6
"2020-03-26 08:10:05";255,7
"2020-03-26 08:11:05";257,1
"2020-03-26 08:12:05";255,7
"2020-03-26 08:13:05";255,1
"2020-03-26 08:14:05";256
"2020-03-26 08:15:05";255,8
"2020-03-26 08:16:05";255,2
"2020-03-26 08:17:05";255,2
"2020-03-26 08:18:05";256,9
"2020-03-26 08:19:05";255,8
"2020-03-26 08:20:05";255,6
"2020-03-26 08:21:05";255,7
"2020-03-26 08:22:05";255,3
"2020-03-26 08:23:05";255,7
"2020-03-26 08:24:05";255,3
"2020-03-26 08:25:05";253,2
"2020-03-26 08:26:05";255
"2020-03-26 08:27:05";253,8
"2020-03-26 08:28:05";254
"2020-03-26 08:29:05";253,2
"2020-03-26 08:30:05";253,2
"2020-03-26 08:31:05";253,1
"2020-03-26 08:32:05";254,2
"2020-03-26 08:33:05";253,7
"2020-03-26 08:34:05";252,6
"2020-03-26 08:35:05";251,9
"2020-03-26 08:36:05";251,5
"2020-03-26 08:37:05";251,6
"2020-03-26 08:38:05";250,5
"2020-03-26 08:39:05";251,9
"2020-03-26 08:40:05";251,9
"2020-03-26 08:41:05";251
"2020-03-26 08:42:05";251,2
"2020-03-26 08:43:05";251,2
"2020-03-26 08:44:05";250,9
"2020-03-26 08:45:05";250,9
"2020-03-26 08:46:05";250,8
"2020-03-27 06:40:39";248,2
"2020-03-27 06:41:40";248,2
"2020-03-27 06:42:40";248,2
"2020-03-27 06:43:40";248,2
"2020-03-27 06:44:40";248,1
"2020-03-27 06:45:40";248,1
"2020-03-27 06:46:40";248
"2020-03-27 06:47:40";248
"2020-03-27 06:48:40";247,9
"2020-03-27 06:49:40";247,9
"2020-03-27 06:50:40";248,7
"2020-03-27 06:51:40";247,6
"2020-03-27 06:52:40";247,6
"2020-03-27 06:53:40";247,6
"2020-03-27 06:54:40";247,6
"2020-03-27 06:55:40";247,6
"2020-03-27 06:56:40";247,7
"2020-03-27 06:57:40";247,7
"2020-03-27 06:58:40";247,8
"2020-03-27 06:59:40";247,8
"2020-03-27 07:00:40";247,8
"2020-03-27 07:01:40";247,8
"2020-03-27 07:02:40";247,9
"2020-03-27 07:03:40";247,9
"2020-03-27 07:04:40";247,9
"2020-03-27 07:05:40";248
"2020-03-27 07:06:40";247,9
"2020-03-27 07:07:40";247,9
"2020-03-27 07:08:40";247,8
"2020-03-27 07:09:40";247,9
"2020-03-27 07:10:40";247,9
"2020-03-27 07:11:40";247,9
"2020-03-27 07:12:40";247,9
"2020-03-27 07:13:40";247,9
"2020-03-27 07:14:40";247,9
"2020-03-27 07:15:40";247,8
"2020-03-27 07:16:40";247,7
"2020-03-27 07:17:40";247,7
"2020-03-27 07:18:40";247,7
"2020-03-27 07:19:40";247,7
"2020-03-27 07:20:40";247,6
"2020-03-27 07:21:40";247,6
"2020-03-27 07:22:40";247,2
"2020-03-27 07:23:40";247,4
"2020-03-27 07:24:40";246,8
"2020-03-27 07:25:40";247
"2020-03-27 07:26:40";246,7
"2020-03-27 07:27:40";246,2
"2020-03-27 07:28:40";246,9
"2020-03-27 07:29:40";246
"2020-03-27 07:30:40";246
"2020-03-27 07:31:40";245,3
"2020-03-27 07:32:40";244,6
"2020-03-27 07:33:40";244,1
"2020-03-27 07:34:40";244,4
"2020-03-27 07:35:40";243,4
"2020-03-27 07:36:40";243,2
"2020-03-27 07:37:40";243,6
"2020-03-27 07:38:40";243,1
"2020-03-27 07:39:40";242,7
"2020-03-27 07:40:40";242,8
"2020-03-27 07:41:40";242,6
"2020-03-27 07:42:40";241,1
"2020-03-27 07:43:40";241,3
"2020-03-27 07:44:40";242,1
"2020-03-27 07:45:40";241,1
"2020-03-27 07:46:40";242,3
"2020-03-27 07:47:40";241,5
"2020-03-27 07:48:40";241,9
"2020-03-27 07:49:40";242,1
"2020-03-27 07:50:40";240,9
"2020-03-27 07:51:40";241,5
"2020-03-27 07:52:40";240,8
"2020-03-27 07:53:40";241,1
"2020-03-27 07:54:40";240,7
"2020-03-27 07:55:40";240,1
"2020-03-27 07:56:40";240,4
"2020-03-27 07:57:40";240,6
"2020-03-27 07:58:40";238,8
"2020-03-27 07:59:40";239,3
"2020-03-27 08:00:40";238,9
"2020-03-27 08:01:40";238,4
"2020-03-27 08:02:40";238,4
"2020-03-27 08:03:40";238,2
"2020-03-27 08:04:40";237,8
"2020-03-27 08:05:40";238,3
"2020-03-27 08:06:40";237,6
"2020-03-27 08:07:40";236,7
"2020-03-27 08:08:40";237,2
"2020-03-27 08:09:40";236,8
"2020-03-27 08:10:40";237,5
"2020-03-27 08:11:40";237,5
"2020-03-27 08:12:40";237,1
"2020-03-27 08:13:40";236,7
"2020-03-27 08:14:40";236,6
"2020-03-27 08:15:40";236,5
"2020-03-27 08:16:39";236,3
"2020-03-27 08:17:40";236,2
"2020-03-27 08:18:40";236,2
"2020-03-27 08:19:40";236,2
"2020-03-27 08:20:40";236,1
"2020-03-27 08:21:40";236
"2020-03-27 08:22:40";235,9
"2020-03-27 08:23:40";235,9
"2020-03-27 08:24:40";235,8
"2020-03-27 08:25:40";235,7
"2020-03-27 08:26:40";235,7
"2020-03-27 08:27:40";235,7
"2020-03-27 08:28:40";235,4
"2020-03-27 08:29:40";235,8
"2020-03-27 08:30:40";234,6
"2020-03-27 08:31:40";236,1
"2020-03-27 08:32:40";235,1
"2020-03-27 08:33:40";234,6
"2020-03-27 08:34:40";233
"2020-03-27 08:35:40";234,3
"2020-03-27 08:36:40";234,7
"2020-03-27 08:37:40";233,4
"2020-03-27 08:38:40";233,4
"2020-03-27 08:39:40";232,9
"2020-03-27 08:40:40";232,4
"2020-03-27 08:41:40";232,1
"2020-03-27 08:42:40";232,4
"2020-03-27 08:43:40";232,2
"2020-03-27 08:44:40";231,2
"2020-03-27 08:45:40";231,8
"2020-03-27 08:46:40";230,9
"2020-03-27 08:47:40";231,3
"2020-03-27 08:48:40";230,6
"2020-03-27 08:49:40";230,9
"2020-03-27 08:50:40";230,2
"2020-03-27 08:51:39";229,7
"2020-03-27 08:52:40";229,6
"2020-03-27 08:53:40";229,9
"2020-03-27 08:54:40";229,7
"2020-03-27 08:55:40";229,7
"2020-03-27 08:56:40";229,5
"2020-03-27 08:57:40";229,7
"2020-03-27 08:58:40";228,5
"2020-03-27 08:59:40";229,9
"2020-03-27 09:00:40";228,6
"2020-03-27 09:01:40";229,1
"2020-03-27 09:02:40";229
"2020-03-27 09:03:40";229
"2020-03-27 09:04:40";228,5
"2020-03-27 09:05:40";227,7
"2020-03-27 09:06:40";228,1
"2020-03-27 09:07:40";228,2
"2020-03-27 09:08:40";228,4
"2020-03-27 09:09:40";227,7
"2020-03-27 09:10:40";228
"2020-03-27 09:11:40";228,3
"2020-03-27 09:12:40";226,4
"2020-03-27 09:13:40";227,5
"2020-03-27 09:14:40";226,8
"2020-03-27 09:15:40";226,4
"2020-03-27 09:16:40";225,8
"2020-03-27 09:17:40";225,8
"2020-03-27 09:18:40";225,4
"2020-03-27 09:19:40";226,2
"2020-03-27 09:20:40";225,1
"2020-03-27 09:21:40";225,1
"2020-03-27 09:22:40";224,8
"2020-03-27 09:23:40";224,2
"2020-03-27 09:24:40";224,8
"2020-03-27 09:25:40";224,8
"2020-03-27 09:26:40";224,6
"2020-03-27 09:27:40";224,8
"2020-03-27 09:28:40";224,8
"2020-03-27 09:29:40";224,5
"2020-03-27 09:30:40";224,2
"2020-03-27 09:31:40";224,2
"2020-03-27 09:32:40";224,1
"2020-03-27 09:33:40";224
"2020-03-27 09:34:40";224
"2020-03-27 09:35:40";223,9
"2020-03-27 09:36:40";223,8
"2020-03-27 09:37:40";223,7
"2020-03-27 09:38:40";223,7
"2020-03-27 09:39:40";223,7
"2020-03-27 09:40:40";223,6
"2020-03-27 09:41:40";223,5
"2020-03-27 09:42:40";223,4
"2020-03-27 09:43:40";223,4
"2020-03-27 09:44:40";223,4
"2020-03-27 09:45:40";223,7
"2020-03-27 09:46:40";223,1
"2020-03-27 09:47:40";222,8
"2020-03-27 09:48:40";222,1
"2020-03-27 09:49:40";222,6
"2020-03-27 09:50:40";222,3
"2020-03-27 09:51:40";221,9
"2020-03-27 09:52:40";220,9
"2020-03-27 09:53:40";221,7
"2020-03-27 09:54:40";221,2
"2020-03-27 09:55:40";220,9
"2020-03-27 09:56:40";220,3
"2020-03-27 09:57:40";220,9
"2020-03-27 09:58:40";219,1
"2020-03-27 09:59:40";218,8
"2020-03-27 10:00:40";219,3
"2020-03-27 10:01:40";219,3
"2020-03-27 10:02:40";218,6
"2020-03-27 10:03:40";220,2
"2020-03-27 10:04:40";217,4
"2020-03-27 10:05:40";218,4
"2020-03-27 10:06:40";217,6
"2020-03-27 10:07:40";217,5
"2020-03-27 10:08:40";217,2
"2020-03-27 10:09:40";217,2
"2020-03-27 10:10:40";217,9
"2020-03-27 10:11:40";217,1
"2020-03-27 10:12:40";217,8
"2020-03-27 10:13:40";216,7
"2020-03-27 10:14:40";216,5
"2020-03-27 10:15:40";217,8
"2020-03-27 10:16:40";216,3
"2020-03-27 10:17:40";215,8
"2020-03-27 10:18:40";216,3
"2020-03-27 10:19:40";216,7
"2020-03-27 10:20:40";215,8
"2020-03-27 10:21:40";216,7
"2020-03-27 10:22:40";214,2
"2020-03-27 10:23:40";214,7
"2020-03-27 10:24:40";215
"2020-03-27 10:25:40";214
"2020-03-27 10:26:40";212,8
"2020-03-27 10:27:40";213,9
"2020-03-27 10:28:40";213,7
"2020-03-27 10:29:40";213,1
"2020-03-27 10:30:40";214,4
"2020-03-27 10:31:40";212,9
"2020-03-27 10:32:40";213,3
"2020-03-27 10:33:40";212,2
"2020-03-27 10:34:40";212,1
"2020-03-27 10:35:40";212,5
"2020-03-27 10:36:40";212,5
"2020-03-27 10:37:40";212,3
"2020-04-27 07:18:53";209,2
"2020-04-27 07:19:54";209,1
"2020-04-27 07:20:54";209,1
"2020-04-27 07:21:54";209,1
"2020-04-27 07:22:54";209
"2020-04-27 07:23:54";209
"2020-04-27 07:24:54";209
"2020-04-27 07:25:54";209
"2020-04-27 07:26:54";208,9
"2020-04-27 07:27:54";208,7
"2020-04-27 07:28:54";208,5
"2020-04-27 07:30:44";208,7
"2020-04-27 07:31:44";208,6
"2020-04-27 10:09:28";208,4
"2020-04-27 10:10:28";208,3
"2020-04-27 10:11:28";208,4
"2020-04-27 10:12:28";208,3
"2020-04-27 10:13:28";208,4
"2020-04-27 10:14:28";208,4
"2020-04-27 10:15:28";208,4
"2020-04-27 10:16:28";208,4
"2020-04-27 10:17:28";208,4
"2020-04-27 10:18:28";208,3
"2020-04-27 10:19:28";208,3
"2020-04-27 10:20:28";208,3
"2020-04-27 10:21:28";208,3
"2020-04-27 10:22:28";208,3
"2020-04-27 10:23:28";208,3
"2020-04-27 10:24:28";208,3
"2020-04-27 10:25:28";208,3
"2020-04-27 10:26:28";208,3
"2020-04-27 10:27:28";208,3
"2020-04-27 10:28:28";208,2
"2020-04-27 10:29:28";208,2
"2020-04-27 10:30:28";208,2
"2020-04-27 12:46:12";208,4
"2020-04-27 12:47:13";208,4
"2020-04-27 12:48:13";208,4
"2020-04-27 12:49:13";208,4
"2020-04-27 12:50:13";208,4
"2020-04-27 12:51:13";208,3
"2020-04-27 12:52:13";208,3
"2020-04-27 12:53:13";208,3
"2020-04-27 12:54:13";208,2
"2020-04-27 12:55:13";207,4
"2020-04-27 12:56:13";207,1
"2020-04-27 12:57:13";205,5
"2020-04-27 12:58:13";206,7
"2020-04-27 12:59:13";206,8
"2020-04-27 13:00:13";206,6
"2020-04-27 13:01:13";206,2
"2020-04-27 13:02:13";206
"2020-04-27 13:03:13";206,2
"2020-04-27 13:04:13";205,9
"2020-04-27 13:05:13";206,4
"2020-04-27 13:06:13";206,5
"2020-04-27 13:07:13";206,6
"2020-04-27 13:08:13";206,7
"2020-04-27 13:09:13";205,7
"2020-04-27 13:10:13";205,6
"2020-04-27 13:11:13";205,6
"2020-04-27 13:12:13";206,2
"2020-04-27 13:13:13";205,9
"2020-04-27 13:14:13";205,9
"2020-04-27 13:15:13";205,8
"2020-04-27 13:16:13";205,4
"2020-04-27 13:17:13";205,5
"2020-04-27 13:18:13";205,2
"2020-04-27 13:19:13";204,9
"2020-04-27 13:20:13";204,3
"2020-04-27 13:21:13";205,7
"2020-04-27 13:22:13";205,7
"2020-04-27 13:23:13";205,5
"2020-04-27 13:24:13";205,7
"2020-04-27 13:25:13";205,2
"2020-04-27 13:26:13";204,9
"2020-04-27 13:27:13";204,3
"2020-04-27 13:28:13";204,7
"2020-04-27 13:29:13";204,6
"2020-04-27 13:30:13";204,1
"2020-04-27 13:31:13";203,7
"2020-04-27 13:32:13";203
"2020-04-27 13:33:13";203,5
"2020-04-27 13:34:13";203,5
"2020-04-27 13:35:13";203,5
"2020-05-27 06:16:00";201,1
"2020-05-27 06:17:01";201,1
"2020-05-27 06:18:01";201
"2020-05-27 06:19:01";200,9
"2020-05-27 06:20:40";200,8
"2020-05-27 06:21:40";200,7
"2020-05-27 06:22:40";200,8
"2020-05-27 06:23:40";200,7
"2020-05-27 06:24:40";200,7
"2020-05-27 06:25:40";200,7
"2020-05-27 06:26:40";200,3
"2020-05-27 06:27:40";200,5
"2020-05-27 06:28:40";200,6
"2020-05-27 06:29:40";200,6
"2020-05-27 06:30:40";200,6
"2020-05-27 06:31:40";200,6
"2020-05-27 06:32:40";200,5
"2020-05-27 06:33:40";200,5
"2020-05-27 06:34:40";200,5
"2020-05-27 06:35:40";200,5
"2020-05-27 06:36:40";200,5
"2020-05-27 06:37:40";200,5
"2020-05-27 06:38:40";200,5
"2020-05-27 06:39:40";200,5
"2020-05-27 06:40:40";200,5
"2020-05-27 06:41:40";200,5
"2020-05-27 06:42:40";200,5
"2020-05-27 06:43:40";200,5
"2020-05-27 06:44:40";200,5
"2020-05-27 06:45:40";200,5
"2020-05-27 06:46:40";200,5
"2020-05-27 06:47:40";200,4
"2020-05-27 06:48:40";200,4
"2020-05-27 06:49:40";200,4
"2020-05-27 06:50:40";200,4
"2020-05-27 06:51:40";200,3
"2020-05-27 06:52:40";200,3
"2020-05-27 06:53:40";200,3
"2020-05-27 06:54:40";200,2
"2020-05-27 06:55:40";199,6
"2020-05-27 06:56:40";200,2
"2020-05-27 06:57:40";198,4
"2020-05-27 06:58:40";199,7
"2020-05-27 06:59:40";199,4
"2020-05-27 07:00:40";199,5
"2020-05-27 07:01:40";199,2
"2020-05-27 07:02:40";199,7
"2020-05-27 07:03:40";199,4
"2020-05-27 07:04:40";198,6
"2020-05-27 07:05:40";198,6
"2020-05-27 07:06:40";197,3
"2020-05-27 07:07:40";197,6
"2020-05-27 07:08:40";197,5
"2020-05-27 07:09:40";197
"2020-05-27 07:10:40";197,5
"2020-05-27 07:11:40";197,3
"2020-05-27 07:12:40";197,1
"2020-05-27 07:13:40";196,8
"2020-05-27 07:14:40";196,4
"2020-05-27 07:15:40";196,1
"2020-05-27 07:16:40";196,1
"2020-05-27 07:17:40";196,8
"2020-05-27 07:18:40";196,7
"2020-05-27 07:19:40";196
"2020-05-27 07:20:40";195,7
"2020-05-27 07:21:40";195,8
"2020-05-27 07:22:40";195,7
"2020-05-27 07:23:40";195,4
"2020-05-27 07:24:40";196
"2020-05-27 07:25:40";195,2
"2020-05-27 07:26:40";195,6
"2020-05-27 07:27:40";195,1
"2020-05-27 07:28:40";195
"2020-05-27 07:29:40";194,9
"2020-05-27 07:30:40";194,8
"2020-05-27 07:31:40";194,8
"2020-05-27 07:32:40";194,7
"2020-05-27 07:33:40";194,6
"2020-05-27 07:34:40";194,6
"2020-05-27 07:35:40";194,5
"2020-05-27 07:36:40";194,5
"2020-05-27 07:37:40";194,4
"2020-05-27 07:38:40";194,4
"2020-05-27 07:39:40";194,3
"2020-05-27 07:40:40";194,3
"2020-05-27 07:41:40";194,3
"2020-05-27 07:42:40";194,3
"2020-05-27 07:43:40";194,2
"2020-05-27 07:44:40";194,2
"2020-05-27 07:45:40";194,2
"2020-05-27 07:46:40";194,1
"2020-05-27 07:47:40";194,1
"2020-05-27 07:48:40";194,1
"2020-05-27 07:49:40";194
"2020-05-27 07:50:40";194
"2020-05-27 07:51:40";193,9
"2020-05-27 07:52:40";193,9
"2020-05-27 07:53:40";193,8
"2020-05-27 07:54:40";193,8
"2020-05-27 07:55:40";193,7
"2020-05-27 07:56:40";193,7
"2020-05-27 07:57:40";193,7
"2020-05-27 07:58:40";193,7
"2020-05-27 07:59:40";193,6
"2020-05-27 08:00:40";193,6
"2020-05-27 08:01:40";193,5
"2020-05-27 08:02:40";193,5
"2020-05-27 08:03:40";193,3
"2020-05-27 08:04:40";193,3
"2020-05-27 08:05:40";193,3
"2020-05-27 08:06:40";193,3
"2020-05-27 08:07:40";193,3
"2020-05-27 08:08:40";193,2
"2020-05-27 08:09:40";193,2
"2020-05-27 08:10:40";193,2
"2020-05-27 08:11:40";192,6
"2020-05-27 08:12:40";191,6
"2020-05-27 08:13:40";191,5
"2020-05-27 08:14:40";191,8
"2020-05-27 08:15:40";191,8
"2020-05-27 08:16:40";191,8
"2020-05-27 08:17:40";191,7
"2020-05-27 08:18:40";191,7
"2020-05-27 08:19:40";191,7
"2020-05-27 08:20:40";191,6
"2020-05-27 08:21:40";191,6
"2020-05-27 08:22:40";191,6
"2020-05-27 08:23:40";191,5
"2020-05-27 08:24:40";191,5
"2020-05-27 08:25:40";191,5
"2020-05-27 08:26:40";191,5
"2020-05-27 08:27:40";191,5
"2020-05-27 08:28:40";191,4
"2020-05-27 08:29:39";191,4
"2020-05-27 08:30:40";191,4
"2020-05-27 08:31:40";191,4
"2020-05-27 08:32:40";191,3
"2020-05-27 08:33:40";191,5
"2020-05-27 08:34:40";191,8
"2020-05-27 08:35:40";192,1
"2020-05-27 08:36:40";191,3
"2020-05-27 08:37:40";192,4
"2020-05-27 08:38:40";192,4
"2020-05-27 08:39:40";191,1
"2020-05-27 08:40:40";192,2
"2020-05-27 08:41:40";191,4
"2020-05-27 08:42:40";190,8
"2020-05-27 08:43:40";190,8
"2020-05-27 08:44:40";190,5
"2020-05-27 08:45:40";189,1
"2020-05-27 08:46:40";190,4
"2020-05-27 08:47:40";189,8
"2020-05-27 08:48:40";189,2
"2020-05-27 08:49:40";188,9
"2020-05-27 08:50:40";189
"2020-05-27 08:51:40";188,6
"2020-05-27 08:52:40";189,1
"2020-05-27 08:53:40";188,3
"2020-05-27 08:54:40";188,6
"2020-05-27 08:55:40";188,5
"2020-05-27 08:56:40";188,5
"2020-05-27 08:57:40";188,5
"2020-05-27 08:58:40";188,4
"2020-05-27 08:59:40";188,4
"2020-05-27 09:00:40";188,4
"2020-05-27 09:01:40";188,5
"2020-05-27 09:02:40";188,3
"2020-05-27 09:03:40";188,3
"2020-05-27 09:04:40";188,2
"2020-05-27 09:05:40";188,3
"2020-05-27 09:06:40";186,8
"2020-05-27 09:07:40";186,1
"2020-05-27 09:08:40";186,4
"2020-05-27 09:09:40";186,3
"2020-05-27 09:10:40";184,8
"2020-05-27 09:11:40";184,4
"2020-05-27 09:12:40";184,1
"2020-05-27 09:13:40";183,1
"2020-05-27 09:14:40";182,6
"2020-05-27 09:15:40";181,6
"2020-05-27 09:16:40";180,6
"2020-05-27 09:17:40";180,1
"2020-05-27 09:18:40";179,4
"2020-05-27 09:19:40";178,8
"2020-05-27 09:20:40";177,3
"2020-05-27 09:21:40";177,2
"2020-05-27 09:22:40";176,7
"2020-05-27 09:23:40";175,7
"2020-05-27 09:24:40";174,6
"2020-05-27 09:25:40";174,6
"2020-05-27 09:26:40";174,1
"2020-05-27 09:27:40";173,1
"2020-05-27 09:28:40";173,7
"2020-05-27 09:29:40";173,1
"2020-05-27 09:30:40";173
"2020-05-27 09:31:40";173,1
"2020-05-27 09:32:40";171,7
"2020-05-27 09:33:40";171
"2020-05-27 09:34:40";171,4
"2020-05-27 09:35:40";170,4
"2020-05-27 09:36:40";170,8
"2020-05-27 09:37:40";169,6
"2020-05-27 09:38:40";170,3
"2020-05-27 09:39:40";169,8
"2020-05-27 09:40:40";169,2
"2020-05-27 09:41:40";168,7
"2020-05-27 09:42:40";168,2
"2020-05-27 09:43:40";168,8
"2020-05-27 09:44:40";169,2
"2020-05-27 09:45:40";169,2
"2020-05-27 09:46:40";169,2
"2020-05-27 09:47:40";169,1
"2020-05-27 09:48:40";169,1
"2020-05-27 09:49:40";169
"2020-05-27 09:50:40";169
"2020-05-27 09:51:40";168,9
"2020-05-27 09:52:40";168,9
"2020-05-27 09:53:40";169,2
"2020-05-27 09:54:40";167,3
"2020-05-27 09:55:40";168,1
"2020-05-27 09:56:40";167
"2020-05-27 09:57:40";167,8
"2020-05-27 09:58:40";167,7
"2020-05-27 09:59:40";167,6
"2020-05-27 10:00:40";167,6
"2020-05-27 10:01:40";167,6
"2020-05-27 10:02:40";167,5
"2020-05-27 10:03:40";167,1
"2020-05-27 10:04:40";167
"2020-05-27 10:05:40";165,1
"2020-05-27 10:06:40";168,1
"2020-05-27 10:07:40";165,2
"2020-05-27 10:08:40";165
"2020-05-27 10:09:40";165,1
"2020-05-27 10:10:40";165
"2020-05-27 10:11:40";166,2
"2020-05-27 10:12:40";161
"2020-05-27 10:13:40";163
"2020-05-27 10:14:40";162,2
"2020-05-27 10:15:40";164,3
"2020-05-27 10:16:40";162,3
"2020-05-27 10:17:40";163
"2020-05-27 10:18:40";161,9
"2020-05-27 10:19:40";161,2
"2020-05-27 10:20:40";161,4
"2020-05-27 10:21:40";160,6
"2020-05-27 10:22:40";160,9
"2020-05-27 10:23:40";159,9
"2020-05-27 10:24:40";158,9
"2020-05-27 10:25:40";158,5
"2020-05-27 10:26:40";157,7
"2020-05-27 10:27:40";156,1
"2020-05-27 10:28:40";156,4
"2020-05-27 10:29:40";156,2
"2020-05-27 10:30:40";155,4
"2020-05-27 10:31:40";154,6
"2020-05-27 10:32:40";152,5
"2020-05-27 10:33:40";154,5
"2020-05-27 10:34:40";153,6
"2020-05-27 10:35:40";153,9
"2020-05-27 10:36:40";152,3
"2020-05-27 10:37:40";153,4
"2020-05-27 10:38:40";152,4
"2020-05-27 10:39:40";151,9
"2020-05-27 10:40:40";152,9
"2020-05-27 10:41:40";150,7
"2020-05-27 10:42:40";151,7
"2020-05-27 10:43:40";150,1
"2020-05-27 10:44:40";151,7
"2020-05-27 10:45:40";152,3
"2020-05-27 10:46:40";152
"2020-05-27 10:47:40";151,6
"2020-05-27 10:48:40";151,7
"2020-05-27 10:49:40";151,9
"2020-05-27 10:50:40";151,9
"2020-05-27 10:51:40";151,8
"2020-05-27 10:52:40";151,7
"2020-05-27 10:53:40";151,7
"2020-05-27 10:54:40";151,7
"2020-05-27 10:55:40";151,7
"2020-05-27 10:56:40";151,6
"2020-05-27 10:57:40";151,6
"2020-05-27 10:58:40";151,5
"2020-05-27 10:59:40";151,5
"2020-05-27 11:00:40";151,4
"2020-05-27 11:01:40";151,3
"2020-05-27 11:02:40";151,3
"2020-05-27 11:03:40";151,2
"2020-05-27 11:04:40";151,2
"2020-05-27 11:05:40";151,2
"2020-05-27 11:06:40";151,2
"2020-05-27 11:07:40";151,2
"2020-05-27 11:08:40";151,2
"2020-05-27 11:09:40";151,1
"2020-05-27 11:10:40";151
"2020-05-27 11:11:40";151
"2020-05-27 11:12:40";151
"2020-05-27 11:13:40";150,9
"2020-05-27 11:14:40";149,5
"2020-05-27 11:15:40";152
"2020-05-27 11:16:40";148,3
"2020-05-27 11:17:40";151,2
"2020-05-27 11:18:40";150,9
"2020-05-27 11:19:40";149
"2020-05-27 11:20:40";149,8
"2020-05-27 11:21:40";149
"2020-05-27 11:22:40";148,8
"2020-05-27 11:23:40";149,5
"2020-05-27 11:24:40";149,1
"2020-05-27 11:25:40";149
"2020-05-27 11:26:40";148,9
"2020-05-27 11:27:40";146,6
"2020-05-27 11:28:40";147,9
"2020-05-27 11:29:40";148
"2020-05-27 11:30:40";147,5
"2020-05-27 11:31:40";147,4
"2020-05-27 11:32:40";147,5
"2020-05-27 11:33:40";147,5
"2020-05-27 11:34:40";147,5
"2020-05-27 11:35:40";147,5
"2020-05-27 11:36:40";147,4
"2020-05-27 11:37:40";147,4
"2020-05-27 11:38:40";148,1
"2020-05-27 11:39:40";147,6
"2020-05-27 11:40:40";147,7
"2020-05-27 11:41:40";147,7
"2020-05-27 11:42:40";147,6
"2020-05-27 11:43:40";147,1
"2020-05-27 11:44:40";147,7
"2020-05-27 11:45:40";147,9
"2020-05-27 11:46:40";147,9
"2020-05-27 11:47:40";147,6
"2020-05-27 11:48:40";147,5
"2020-05-27 11:49:40";147,6
"2020-05-27 11:50:40";147,6
"2020-05-27 11:51:40";147,8
"2020-05-27 11:52:40";147,7
"2020-05-27 11:53:40";147,7
"2020-05-27 11:54:40";147,6
"2020-05-27 11:55:40";147,2
"2020-05-27 11:56:40";147,1
"2020-05-27 11:57:40";147,2
"2020-05-27 11:58:40";147,2
"2020-05-27 11:59:40";147,2
"2020-05-27 12:00:40";147,2
"2020-05-27 12:01:40";147,3
"2020-05-27 12:02:40";147
"2020-05-27 12:03:40";146,7
"2020-05-27 12:04:40";146,5
"2020-05-27 12:05:40";146,3
"2020-05-27 12:06:40";142,5
"2020-05-27 12:07:40";145
"2020-05-27 12:08:40";144,9
"2020-05-27 12:09:40";144,2
"2020-05-27 12:10:40";142,5
"2020-05-27 12:11:40";142,6
"2020-05-27 12:12:40";142,2
"2020-05-27 12:13:40";141,5
"2020-05-27 12:14:40";140,8
"2020-05-27 12:15:40";139,8
"2020-05-27 12:16:40";138,7
"2020-05-27 12:17:40";138,1
"2020-05-27 12:18:40";138
"2020-05-27 12:19:40";137,8
"2020-05-27 12:20:40";137,3
"2020-05-27 12:21:40";136,2
"2020-05-27 12:22:40";135,9
"2020-05-27 12:23:40";135,3
"2020-05-27 12:24:40";134,5
"2020-05-27 12:25:40";134,1
"2020-05-27 12:26:40";133,2
"2020-05-27 12:27:40";133,6
"2020-05-27 12:28:40";132,7
"2020-05-27 12:29:40";131,9
"2020-05-27 12:30:40";130,8
"2020-05-27 12:31:40";130,8
"2020-05-27 12:32:40";129
"2020-05-27 12:33:40";130
"2020-05-27 12:34:40";130,6
"2020-05-27 12:35:40";128,7
"2020-05-27 12:36:40";129,3
"2020-05-27 12:37:40";128,8
"2020-05-27 12:38:40";128,7
"2020-05-27 12:39:40";128,5
"2020-05-27 12:40:40";130,3
"2020-05-27 12:41:40";128,5
"2020-05-27 12:42:40";129,1
"2020-05-27 12:43:40";128,1
"2020-05-27 12:44:40";128,6
"2020-05-27 12:45:40";128,4
"2020-05-27 12:46:40";128,3
"2020-05-27 12:47:40";128,3
"2020-05-27 12:48:40";128,3
"2020-05-27 12:49:40";128,3
"2020-05-27 12:50:40";128,2
"2020-05-27 12:51:40";128,2
"2020-05-27 12:52:40";128,1
"2020-05-27 12:53:40";126,4
"2020-05-27 12:54:40";126,5
"2020-05-27 12:55:40";126,7
"2020-05-27 12:56:40";125,8
"2020-05-27 12:57:40";124,7
"2020-05-27 12:58:40";125,5
"2020-05-27 12:59:40";125,6
"2020-05-27 13:00:40";121,5
"2020-05-27 13:01:40";123,2
"2020-05-27 13:02:40";124,7
"2020-05-27 13:03:40";122,4
"2020-05-27 13:04:40";121,4
"2020-05-27 13:05:40";122,6
"2020-05-27 13:06:40";123,4
"2020-05-27 13:07:40";122,3
"2020-05-27 13:08:40";121,2
"2020-05-27 13:09:40";120,3
"2020-05-27 13:10:40";118,5
"2020-05-27 13:11:40";119,6
"2020-05-27 13:12:40";119,7
"2020-05-27 13:13:40";119
"2020-05-27 13:14:40";117,9
"2020-05-27 13:15:40";118,5
"2020-05-27 13:16:40";118,2
"2020-05-27 13:17:40";117,9
"2020-05-27 13:18:40";116,9
"2020-05-27 13:19:40";115,2
"2020-05-27 13:20:40";116,5
"2020-05-27 13:21:40";113,8
"2020-05-27 13:22:40";116,2
"2020-05-27 13:23:40";112,5
"2020-05-27 13:24:40";115
"2020-05-27 13:25:40";114,7
"2020-05-27 13:26:40";113,8
"2020-05-27 13:27:40";113,1
"2020-05-27 13:28:40";114
"2020-05-27 13:29:40";113,4
"2020-05-27 13:30:40";112,6
"2020-05-27 13:31:40";113,7
"2020-05-27 13:32:40";113,5
"2020-05-27 13:33:40";111,2
"2020-05-27 13:34:40";112,3
"2020-05-27 13:35:40";111,4
"2020-05-27 13:36:40";112,2
"2020-05-27 13:37:40";111,7
"2020-05-27 13:38:40";111,3
"2020-05-27 13:39:40";112,4
"2020-05-27 13:40:40";111,4
"2020-05-27 13:41:40";111
"2020-05-27 13:42:40";113,1
"2020-05-27 13:43:40";111,2
"2020-05-27 13:44:40";110,9
"2020-05-27 13:45:40";111
"2020-06-08 09:11:03";110,7
"2020-06-08 09:12:22";110,6
"2020-06-08 09:13:22";110,4
"2020-06-08 09:14:22";110,7
"2020-06-08 09:15:22";110,2
"2020-06-08 09:16:22";110,2
"2020-06-08 09:17:22";110,1
"2020-06-08 09:18:22";110,1
"2020-06-08 09:19:22";110
"2020-06-08 09:20:22";110
"2020-06-10 06:55:02";109,7
"2020-06-10 06:56:03";109,6
"2020-06-10 06:57:03";109,6
"2020-06-10 06:58:03";109,5
"2020-06-10 06:59:03";109,4
"2020-06-10 07:00:03";109,3
"2020-06-10 07:01:03";109,2
"2020-06-10 07:02:03";109,2
"2020-06-10 07:03:03";108,9
"2020-06-25 06:37:24";108,6
"2020-06-25 06:38:49";108,6
"2020-06-25 06:39:49";108,5
"2020-06-25 06:40:49";108,5
"2020-06-25 06:41:49";108,4
"2020-06-25 06:42:49";108,4
"2020-06-25 06:43:49";108,4
"2020-06-25 06:44:49";108,3
"2020-06-25 06:45:49";108,3
"2020-06-25 06:46:49";108,2
"2020-06-25 06:47:49";108,2
"2020-06-25 06:48:49";108,2
"2020-06-25 06:49:49";108,1
"2020-06-25 06:50:49";108,1
"2020-06-25 06:51:49";108,1
"2020-06-25 06:52:49";104,5
"2020-06-25 06:53:49";106,2
"2020-06-25 06:54:49";106,6
"2020-06-25 06:55:53";0
"2020-06-25 06:56:53";107
"2020-06-25 06:57:53";106,9
"2020-06-25 12:54:35";106,7
"2020-06-25 12:55:35";106,6
"2020-06-25 12:56:35";106,6
"2020-06-25 12:57:35";106,6
"2020-06-25 12:58:35";106,5
"2020-06-25 12:59:35";106,5
"2020-06-25 13:00:35";106,5
"2020-06-25 13:01:35";104,4
"2020-06-25 13:02:35";104,1
"2020-06-25 13:03:35";105,1
"2020-06-25 13:04:35";105,5
"2020-06-25 13:05:35";101,8
"2020-06-25 13:06:35";105,2
"2020-06-25 13:09:44";0
"2020-06-25 14:16:18";105,4
"2020-06-25 14:17:18";105,3
"2020-06-25 14:49:12";0
"2020-06-25 14:50:12";105,4
"2020-06-26 07:19:26";105,6
"2020-06-26 07:20:27";105,5
"2020-06-26 07:21:27";104,8
"2020-06-26 07:22:27";104,3
"2020-06-26 08:23:37";105,4
"2020-06-26 08:24:37";105,4
"2020-06-26 08:25:37";104,8
"2020-06-26 12:13:20";104,9
"2020-06-26 12:14:20";104,9
"2020-06-26 12:15:20";104,8
"2020-06-26 12:16:20";104,8
"2020-06-26 12:17:20";104,3
"2020-06-26 12:18:20";104,4
"2020-06-26 12:19:20";104,4
"2020-06-26 12:20:20";104,4
"2020-06-26 12:21:20";104,4
"2020-06-26 12:22:20";104,3
"2020-06-26 12:23:20";104,3
"2020-06-26 12:24:20";104,3
"2020-06-26 12:25:20";104,3
"2020-06-26 12:26:20";104,3
"2020-06-26 12:27:20";104,2
"2020-06-26 12:28:20";104,2
"2020-06-26 12:29:20";104,2
"2020-06-26 12:30:20";104,2
"2020-06-26 12:31:20";104,1
"2020-06-26 12:32:20";104,1
"2020-06-26 12:33:20";104,1
"2020-06-26 12:34:20";104
"2020-06-26 12:35:20";104
"2020-06-26 13:40:28";0
"2020-06-26 13:49:49";104,2
"2020-06-26 13:50:49";103,5
"2020-06-26 13:51:49";105,7
"2020-06-26 13:52:49";103,8
"2020-06-26 13:53:49";102,4
"2020-06-26 13:54:49";102,1
"2020-06-26 13:55:49";102,9
"2020-06-26 13:56:49";101,9
"2020-06-26 13:57:49";101,6
"2020-06-26 13:58:49";102,6
"2020-06-26 13:59:49";101,5
"2020-06-26 14:00:49";100,8
"2020-06-26 14:01:59";102,1
"2020-06-26 14:02:59";102
"2020-06-26 14:03:59";102
"2020-06-26 14:05:35";101,8
"2020-06-26 14:06:35";101,1
"2020-06-26 14:07:35";101,6
"2020-06-26 14:08:35";101,1
"2020-06-26 14:09:35";99,3
"2020-06-26 14:10:35";100
"2020-06-26 14:11:35";100,2
"2020-06-26 14:18:52";194,3
"2020-06-26 14:20:28";192,4
"2020-06-26 14:21:28";194
"2020-06-26 14:22:28";193,9
"2020-06-26 14:23:28";193,2
"2020-06-26 14:24:28";193,1
"2020-06-26 14:25:28";192,5
